{"directed": false, "multigraph": false, "graph": [], "nodes": [{"boundary_node": false, "area": 1799453636.807896, "STATEFP10": "42", "COUNTYFP10": "021", "COUNTYNS10": "01213662", "GEOID10": "42021", "NAME10": "Cambria", "NAMELSAD10": "Cambria County", "LSAD10": "06", "CLASSFP10": "H1", "MTFCC10": "G4020", "CSAFP10": null, "CBSAFP10": "27780", "METDIVFP10": null, "FUNCSTAT10": "A", "ALAND10": 1782819861, "AWATER10": 13680552, "INTPTLAT10": "+40.4941269", "INTPTLON10": "-078.7152843", "GISJOIN": "G4200210", "Shape_area": 1796500540.12, "Shape_len": 198014.727396, "YEAR": 2010, "REGIONA": 1, "DIVISIONA": 2, "STATE": "Pennsylvania", "STATEA": 42, "COUNTY": "Cambria County", "COUNTYA": 21, "NAME": "Cambria County", "URBPOP": 97693, "RURALPOP": 45986, "TOTPOP": 143679, "NH_WHITE": 134073, "NH_BLACK": 5073, "NH_AMIN": 108, "NH_ASIAN": 720, "NH_NHPI": 28, "NH_OTHER": 102, "NH_2MORE": 1569, "HISP": 2006, "H_WHITE": 1133, "H_BLACK": 149, "H_AMIN": 39, "H_ASIAN": 9, "H_NHPI": 1, "H_OTHER": 486, "H_2MORE": 189, "VAP": 115444, "HVAP": 1449, "WVAP": 108768, "BVAP": 3894, "AMINVAP": 92, "ASIANVAP": 557, "NHPIVAP": 25, "OTHERVAP": 35, "2MOREVAP": 624, "id": 0}, {"boundary_node": false, "area": 1935245674.5655992, "STATEFP10": "42", "COUNTYFP10": "003", "COUNTYNS10": "01213657", "GEOID10": "42003", "NAME10": "Allegheny", "NAMELSAD10": "Allegheny County", "LSAD10": "06", "CLASSFP10": "H1", "MTFCC10": "G4020", "CSAFP10": "430", "CBSAFP10": "38300", "METDIVFP10": null, "FUNCSTAT10": "A", "ALAND10": 1890884266, "AWATER10": 37418903, "INTPTLAT10": "+40.4689204", "INTPTLON10": "-079.9809196", "GISJOIN": "G4200030", "Shape_area": 1928303131.62, "Shape_len": 210642.078559, "YEAR": 2010, "REGIONA": 1, "DIVISIONA": 2, "STATE": "Pennsylvania", "STATEA": 42, "COUNTY": "Allegheny County", "COUNTYA": 3, "NAME": "Allegheny County", "URBPOP": 1192932, "RURALPOP": 30416, "TOTPOP": 1223348, "NH_WHITE": 986212, "NH_BLACK": 159998, "NH_AMIN": 1426, "NH_ASIAN": 33944, "NH_NHPI": 251, "NH_OTHER": 2098, "NH_2MORE": 20349, "HISP": 19070, "H_WHITE": 11083, "H_BLACK": 1863, "H_AMIN": 276, "H_ASIAN": 146, "H_NHPI": 27, "H_OTHER": 3425, "H_2MORE": 2250, "VAP": 981685, "HVAP": 13114, "WVAP": 814423, "BVAP": 115179, "AMINVAP": 1130, "ASIANVAP": 27016, "NHPIVAP": 195, "OTHERVAP": 1065, "2MOREVAP": 9563, "id": 1}, {"boundary_node": true, "boundary_perim": 39444.496632598326, "area": 1351544849.882636, "STATEFP10": "42", "COUNTYFP10": "001", "COUNTYNS10": "01213656", "GEOID10": "42001", "NAME10": "Adams", "NAMELSAD10": "Adams County", "LSAD10": "06", "CLASSFP10": "H1", "MTFCC10": "G4020", "CSAFP10": "564", "CBSAFP10": "23900", "METDIVFP10": null, "FUNCSTAT10": "A", "ALAND10": 1343342705, "AWATER10": 8081576, "INTPTLAT10": "+39.8694707", "INTPTLON10": "-077.2177296", "GISJOIN": "G4200010", "Shape_area": 1351424269.35, "Shape_len": 149965.738022, "YEAR": 2010, "REGIONA": 1, "DIVISIONA": 2, "STATE": "Pennsylvania", "STATEA": 42, "COUNTY": "Adams County", "COUNTYA": 1, "NAME": "Adams County", "URBPOP": 46976, "RURALPOP": 54431, "TOTPOP": 101407, "NH_WHITE": 91830, "NH_BLACK": 1450, "NH_AMIN": 146, "NH_ASIAN": 737, "NH_NHPI": 20, "NH_OTHER": 79, "NH_2MORE": 1030, "HISP": 6115, "H_WHITE": 3149, "H_BLACK": 111, "H_AMIN": 67, "H_ASIAN": 9, "H_NHPI": 0, "H_OTHER": 2465, "H_2MORE": 314, "VAP": 78969, "HVAP": 3596, "WVAP": 73103, "BVAP": 1064, "AMINVAP": 114, "ASIANVAP": 565, "NHPIVAP": 14, "OTHERVAP": 41, "2MOREVAP": 472, "id": 2}, {"boundary_node": false, "area": 2304981552.9988117, "STATEFP10": "42", "COUNTYFP10": "061", "COUNTYNS10": "01213672", "GEOID10": "42061", "NAME10": "Huntingdon", "NAMELSAD10": "Huntingdon County", "LSAD10": "06", "CLASSFP10": "H1", "MTFCC10": "G4020", "CSAFP10": null, "CBSAFP10": "26500", "METDIVFP10": null, "FUNCSTAT10": "A", "ALAND10": 2147483647, "AWATER10": 37883358, "INTPTLAT10": "+40.4223212", "INTPTLON10": "-077.9685836", "GISJOIN": "G4200610", "Shape_area": 2303188802.26, "Shape_len": 273652.383799, "YEAR": 2010, "REGIONA": 1, "DIVISIONA": 2, "STATE": "Pennsylvania", "STATEA": 42, "COUNTY": "Huntingdon County", "COUNTYA": 61, "NAME": "Huntingdon County", "URBPOP": 14388, "RURALPOP": 31525, "TOTPOP": 45913, "NH_WHITE": 42197, "NH_BLACK": 2369, "NH_AMIN": 36, "NH_ASIAN": 181, "NH_NHPI": 0, "NH_OTHER": 22, "NH_2MORE": 381, "HISP": 727, "H_WHITE": 273, "H_BLACK": 23, "H_AMIN": 5, "H_ASIAN": 3, "H_NHPI": 2, "H_OTHER": 378, "H_2MORE": 43, "VAP": 36669, "HVAP": 595, "WVAP": 33477, "BVAP": 2231, "AMINVAP": 27, "ASIANVAP": 155, "NHPIVAP": 0, "OTHERVAP": 12, "2MOREVAP": 172, "id": 3}, {"boundary_node": true, "boundary_perim": 40137.77422438795, "area": 2696991035.870976, "STATEFP10": "42", "COUNTYFP10": "039", "COUNTYNS10": "01213666", "GEOID10": "42039", "NAME10": "Crawford", "NAMELSAD10": "Crawford County", "LSAD10": "06", "CLASSFP10": "H1", "MTFCC10": "G4020", "CSAFP10": null, "CBSAFP10": "32740", "METDIVFP10": null, "FUNCSTAT10": "A", "ALAND10": 2147483647, "AWATER10": 65310694, "INTPTLAT10": "+41.6868399", "INTPTLON10": "-080.1078113", "GISJOIN": "G4200390", "Shape_area": 2687149914.04, "Shape_len": 233128.950739, "YEAR": 2010, "REGIONA": 1, "DIVISIONA": 2, "STATE": "Pennsylvania", "STATEA": 42, "COUNTY": "Crawford County", "COUNTYA": 39, "NAME": "Crawford County", "URBPOP": 32221, "RURALPOP": 56544, "TOTPOP": 88765, "NH_WHITE": 84930, "NH_BLACK": 1503, "NH_AMIN": 150, "NH_ASIAN": 397, "NH_NHPI": 13, "NH_OTHER": 27, "NH_2MORE": 922, "HISP": 823, "H_WHITE": 518, "H_BLACK": 44, "H_AMIN": 12, "H_ASIAN": 6, "H_NHPI": 6, "H_OTHER": 143, "H_2MORE": 94, "VAP": 68854, "HVAP": 479, "WVAP": 66421, "BVAP": 1126, "AMINVAP": 115, "ASIANVAP": 302, "NHPIVAP": 11, "OTHERVAP": 11, "2MOREVAP": 389, "id": 4}, {"boundary_node": true, "boundary_perim": 57390.72721523524, "area": 478845571.90868, "STATEFP10": "42", "COUNTYFP10": "045", "COUNTYNS10": "01209177", "GEOID10": "42045", "NAME10": "Delaware", "NAMELSAD10": "Delaware County", "LSAD10": "06", "CLASSFP10": "H1", "MTFCC10": "G4020", "CSAFP10": "428", "CBSAFP10": "37980", "METDIVFP10": "37964", "FUNCSTAT10": "A", "ALAND10": 476152313, "AWATER10": 17508872, "INTPTLAT10": "+39.9166704", "INTPTLON10": "-075.3987862", "GISJOIN": "G4200450", "Shape_area": 479214385.321, "Shape_len": 142943.20446, "YEAR": 2010, "REGIONA": 1, "DIVISIONA": 2, "STATE": "Pennsylvania", "STATEA": 42, "COUNTY": "Delaware County", "COUNTYA": 45, "NAME": "Delaware County", "URBPOP": 556386, "RURALPOP": 2593, "TOTPOP": 558979, "NH_WHITE": 397424, "NH_BLACK": 108231, "NH_AMIN": 674, "NH_ASIAN": 26144, "NH_NHPI": 114, "NH_OTHER": 725, "NH_2MORE": 9130, "HISP": 16537, "H_WHITE": 7809, "H_BLACK": 2029, "H_AMIN": 200, "H_ASIAN": 133, "H_NHPI": 31, "H_OTHER": 4486, "H_2MORE": 1849, "VAP": 428567, "HVAP": 10894, "WVAP": 317542, "BVAP": 75238, "AMINVAP": 491, "ASIANVAP": 19417, "NHPIVAP": 81, "OTHERVAP": 415, "2MOREVAP": 4489, "id": 5}, {"boundary_node": false, "area": 2324002006.3481646, "STATEFP10": "42", "COUNTYFP10": "035", "COUNTYNS10": "01214721", "GEOID10": "42035", "NAME10": "Clinton", "NAMELSAD10": "Clinton County", "LSAD10": "06", "CLASSFP10": "H1", "MTFCC10": "G4020", "CSAFP10": "558", "CBSAFP10": "30820", "METDIVFP10": null, "FUNCSTAT10": "A", "ALAND10": 2147483647, "AWATER10": 23178658, "INTPTLAT10": "+41.2453009", "INTPTLON10": "-077.6491409", "GISJOIN": "G4200350", "Shape_area": 2323047647.91, "Shape_len": 257650.856953, "YEAR": 2010, "REGIONA": 1, "DIVISIONA": 2, "STATE": "Pennsylvania", "STATEA": 42, "COUNTY": "Clinton County", "COUNTYA": 35, "NAME": "Clinton County", "URBPOP": 21310, "RURALPOP": 17928, "TOTPOP": 39238, "NH_WHITE": 37618, "NH_BLACK": 612, "NH_AMIN": 29, "NH_ASIAN": 199, "NH_NHPI": 15, "NH_OTHER": 18, "NH_2MORE": 310, "HISP": 437, "H_WHITE": 242, "H_BLACK": 13, "H_AMIN": 5, "H_ASIAN": 1, "H_NHPI": 0, "H_OTHER": 153, "H_2MORE": 23, "VAP": 31121, "HVAP": 299, "WVAP": 29911, "BVAP": 542, "AMINVAP": 25, "ASIANVAP": 169, "NHPIVAP": 11, "OTHERVAP": 10, "2MOREVAP": 154, "id": 6}, {"boundary_node": true, "boundary_perim": 30479.64702561927, "area": 943341554.2669061, "STATEFP10": "42", "COUNTYFP10": "073", "COUNTYNS10": "01213676", "GEOID10": "42073", "NAME10": "Lawrence", "NAMELSAD10": "Lawrence County", "LSAD10": "06", "CLASSFP10": "H1", "MTFCC10": "G4020", "CSAFP10": "430", "CBSAFP10": "35260", "METDIVFP10": null, "FUNCSTAT10": "A", "ALAND10": 927669548, "AWATER10": 11758743, "INTPTLAT10": "+40.9927352", "INTPTLON10": "-080.3344455", "GISJOIN": "G4200730", "Shape_area": 939428289.716, "Shape_len": 125392.416099, "YEAR": 2010, "REGIONA": 1, "DIVISIONA": 2, "STATE": "Pennsylvania", "STATEA": 42, "COUNTY": "Lawrence County", "COUNTYA": 73, "NAME": "Lawrence County", "URBPOP": 54375, "RURALPOP": 36733, "TOTPOP": 91108, "NH_WHITE": 84872, "NH_BLACK": 3448, "NH_AMIN": 54, "NH_ASIAN": 365, "NH_NHPI": 9, "NH_OTHER": 69, "NH_2MORE": 1360, "HISP": 931, "H_WHITE": 612, "H_BLACK": 53, "H_AMIN": 20, "H_ASIAN": 5, "H_NHPI": 1, "H_OTHER": 127, "H_2MORE": 113, "VAP": 71756, "HVAP": 529, "WVAP": 68065, "BVAP": 2320, "AMINVAP": 48, "ASIANVAP": 269, "NHPIVAP": 7, "OTHERVAP": 24, "2MOREVAP": 494, "id": 7}, {"boundary_node": false, "area": 342624248.1846974, "STATEFP10": "42", "COUNTYFP10": "093", "COUNTYNS10": "01213681", "GEOID10": "42093", "NAME10": "Montour", "NAMELSAD10": "Montour County", "LSAD10": "06", "CLASSFP10": "H1", "MTFCC10": "G4020", "CSAFP10": null, "CBSAFP10": "14100", "METDIVFP10": null, "FUNCSTAT10": "A", "ALAND10": 337326235, "AWATER10": 5407929, "INTPTLAT10": "+41.0292610", "INTPTLON10": "-076.6652592", "GISJOIN": "G4200930", "Shape_area": 342734158.709, "Shape_len": 104335.122697, "YEAR": 2010, "REGIONA": 1, "DIVISIONA": 2, "STATE": "Pennsylvania", "STATEA": 42, "COUNTY": "Montour County", "COUNTYA": 93, "NAME": "Montour County", "URBPOP": 8445, "RURALPOP": 9822, "TOTPOP": 18267, "NH_WHITE": 17206, "NH_BLACK": 237, "NH_AMIN": 12, "NH_ASIAN": 323, "NH_NHPI": 2, "NH_OTHER": 10, "NH_2MORE": 153, "HISP": 324, "H_WHITE": 202, "H_BLACK": 19, "H_AMIN": 4, "H_ASIAN": 3, "H_NHPI": 0, "H_OTHER": 75, "H_2MORE": 21, "VAP": 14393, "HVAP": 196, "WVAP": 13739, "BVAP": 142, "AMINVAP": 12, "ASIANVAP": 224, "NHPIVAP": 1, "OTHERVAP": 6, "2MOREVAP": 73, "id": 8}, {"boundary_node": true, "boundary_perim": 56619.638075708295, "area": 2944936905.405365, "STATEFP10": "42", "COUNTYFP10": "117", "COUNTYNS10": "01209189", "GEOID10": "42117", "NAME10": "Tioga", "NAMELSAD10": "Tioga County", "LSAD10": "06", "CLASSFP10": "H1", "MTFCC10": "G4020", "CSAFP10": null, "CBSAFP10": null, "METDIVFP10": null, "FUNCSTAT10": "A", "ALAND10": 2147483647, "AWATER10": 8230721, "INTPTLAT10": "+41.7668593", "INTPTLON10": "-077.2572882", "GISJOIN": "G4201170", "Shape_area": 2944727782.89, "Shape_len": 217032.69939, "YEAR": 2010, "REGIONA": 1, "DIVISIONA": 2, "STATE": "Pennsylvania", "STATEA": 42, "COUNTY": "Tioga County", "COUNTYA": 117, "NAME": "Tioga County", "URBPOP": 4152, "RURALPOP": 37829, "TOTPOP": 41981, "NH_WHITE": 40560, "NH_BLACK": 322, "NH_AMIN": 81, "NH_ASIAN": 181, "NH_NHPI": 4, "NH_OTHER": 10, "NH_2MORE": 386, "HISP": 437, "H_WHITE": 292, "H_BLACK": 11, "H_AMIN": 10, "H_ASIAN": 2, "H_NHPI": 0, "H_OTHER": 70, "H_2MORE": 52, "VAP": 33391, "HVAP": 279, "WVAP": 32410, "BVAP": 257, "AMINVAP": 63, "ASIANVAP": 149, "NHPIVAP": 4, "OTHERVAP": 6, "2MOREVAP": 223, "id": 9}, {"boundary_node": true, "boundary_perim": 36713.202244674176, "area": 2637435499.8180375, "STATEFP10": "42", "COUNTYFP10": "009", "COUNTYNS10": "01209171", "GEOID10": "42009", "NAME10": "Bedford", "NAMELSAD10": "Bedford County", "LSAD10": "06", "CLASSFP10": "H1", "MTFCC10": "G4020", "CSAFP10": null, "CBSAFP10": null, "METDIVFP10": null, "FUNCSTAT10": "A", "ALAND10": 2147483647, "AWATER10": 11936863, "INTPTLAT10": "+39.9971150", "INTPTLON10": "-078.4899795", "GISJOIN": "G4200090", "Shape_area": 2633772472.99, "Shape_len": 232580.160204, "YEAR": 2010, "REGIONA": 1, "DIVISIONA": 2, "STATE": "Pennsylvania", "STATEA": 42, "COUNTY": "Bedford County", "COUNTYA": 9, "NAME": "Bedford County", "URBPOP": 8064, "RURALPOP": 41698, "TOTPOP": 49762, "NH_WHITE": 48535, "NH_BLACK": 236, "NH_AMIN": 57, "NH_ASIAN": 101, "NH_NHPI": 5, "NH_OTHER": 24, "NH_2MORE": 354, "HISP": 450, "H_WHITE": 247, "H_BLACK": 2, "H_AMIN": 18, "H_ASIAN": 0, "H_NHPI": 9, "H_OTHER": 127, "H_2MORE": 47, "VAP": 39023, "HVAP": 291, "WVAP": 38232, "BVAP": 179, "AMINVAP": 45, "ASIANVAP": 78, "NHPIVAP": 5, "OTHERVAP": 13, "2MOREVAP": 180, "id": 10}, {"boundary_node": true, "boundary_perim": 25770.981057217403, "area": 1597180369.7832117, "STATEFP10": "42", "COUNTYFP10": "089", "COUNTYNS10": "01209184", "GEOID10": "42089", "NAME10": "Monroe", "NAMELSAD10": "Monroe County", "LSAD10": "06", "CLASSFP10": "H1", "MTFCC10": "G4020", "CSAFP10": null, "CBSAFP10": "20700", "METDIVFP10": null, "FUNCSTAT10": "A", "ALAND10": 1575452175, "AWATER10": 23238961, "INTPTLAT10": "+41.0562332", "INTPTLON10": "-075.3290369", "GISJOIN": "G4200890", "Shape_area": 1598421500.09, "Shape_len": 198903.765998, "YEAR": 2010, "REGIONA": 1, "DIVISIONA": 2, "STATE": "Pennsylvania", "STATEA": 42, "COUNTY": "Monroe County", "COUNTYA": 89, "NAME": "Monroe County", "URBPOP": 104701, "RURALPOP": 65141, "TOTPOP": 169842, "NH_WHITE": 119741, "NH_BLACK": 20461, "NH_AMIN": 358, "NH_ASIAN": 3395, "NH_NHPI": 60, "NH_OTHER": 503, "NH_2MORE": 3036, "HISP": 22288, "H_WHITE": 11421, "H_BLACK": 1887, "H_AMIN": 214, "H_ASIAN": 89, "H_NHPI": 19, "H_OTHER": 6792, "H_2MORE": 1866, "VAP": 129268, "HVAP": 14175, "WVAP": 96233, "BVAP": 14131, "AMINVAP": 276, "ASIANVAP": 2550, "NHPIVAP": 51, "OTHERVAP": 293, "2MOREVAP": 1559, "id": 11}, {"boundary_node": false, "area": 1048400274.1925129, "STATEFP10": "42", "COUNTYFP10": "131", "COUNTYNS10": "01209192", "GEOID10": "42131", "NAME10": "Wyoming", "NAMELSAD10": "Wyoming County", "LSAD10": "06", "CLASSFP10": "H1", "MTFCC10": "G4020", "CSAFP10": null, "CBSAFP10": "42540", "METDIVFP10": null, "FUNCSTAT10": "A", "ALAND10": 1029063118, "AWATER10": 20021064, "INTPTLAT10": "+41.5251370", "INTPTLON10": "-076.0087796", "GISJOIN": "G4201310", "Shape_area": 1049050512.89, "Shape_len": 139235.830374, "YEAR": 2010, "REGIONA": 1, "DIVISIONA": 2, "STATE": "Pennsylvania", "STATEA": 42, "COUNTY": "Wyoming County", "COUNTYA": 131, "NAME": "Wyoming County", "URBPOP": 4678, "RURALPOP": 23598, "TOTPOP": 28276, "NH_WHITE": 27270, "NH_BLACK": 185, "NH_AMIN": 51, "NH_ASIAN": 94, "NH_NHPI": 3, "NH_OTHER": 7, "NH_2MORE": 229, "HISP": 437, "H_WHITE": 275, "H_BLACK": 23, "H_AMIN": 3, "H_ASIAN": 1, "H_NHPI": 0, "H_OTHER": 105, "H_2MORE": 30, "VAP": 22127, "HVAP": 260, "WVAP": 21503, "BVAP": 122, "AMINVAP": 41, "ASIANVAP": 75, "NHPIVAP": 3, "OTHERVAP": 4, "2MOREVAP": 119, "id": 12}, {"boundary_node": true, "boundary_perim": 59055.94998426156, "area": 2552614164.964734, "STATEFP10": "42", "COUNTYFP10": "083", "COUNTYNS10": "01210235", "GEOID10": "42083", "NAME10": "McKean", "NAMELSAD10": "McKean County", "LSAD10": "06", "CLASSFP10": "H1", "MTFCC10": "G4020", "CSAFP10": null, "CBSAFP10": "14620", "METDIVFP10": null, "FUNCSTAT10": "A", "ALAND10": 2147483647, "AWATER10": 13007418, "INTPTLAT10": "+41.8145902", "INTPTLON10": "-078.5724631", "GISJOIN": "G4200830", "Shape_area": 2549116947.98, "Shape_len": 213466.553814, "YEAR": 2010, "REGIONA": 1, "DIVISIONA": 2, "STATE": "Pennsylvania", "STATEA": 42, "COUNTY": "McKean County", "COUNTYA": 83, "NAME": "McKean County", "URBPOP": 15843, "RURALPOP": 27607, "TOTPOP": 43450, "NH_WHITE": 41039, "NH_BLACK": 1008, "NH_AMIN": 83, "NH_ASIAN": 191, "NH_NHPI": 3, "NH_OTHER": 13, "NH_2MORE": 356, "HISP": 757, "H_WHITE": 622, "H_BLACK": 38, "H_AMIN": 17, "H_ASIAN": 2, "H_NHPI": 0, "H_OTHER": 47, "H_2MORE": 31, "VAP": 34301, "HVAP": 603, "WVAP": 32298, "BVAP": 956, "AMINVAP": 75, "ASIANVAP": 161, "NHPIVAP": 2, "OTHERVAP": 9, "2MOREVAP": 197, "id": 13}, {"boundary_node": true, "boundary_perim": 65176.18278284051, "area": 2358152965.926206, "STATEFP10": "42", "COUNTYFP10": "133", "COUNTYNS10": "01209193", "GEOID10": "42133", "NAME10": "York", "NAMELSAD10": "York County", "LSAD10": "06", "CLASSFP10": "H1", "MTFCC10": "G4020", "CSAFP10": "564", "CBSAFP10": "49620", "METDIVFP10": null, "FUNCSTAT10": "A", "ALAND10": 2147483647, "AWATER10": 16941352, "INTPTLAT10": "+39.9218390", "INTPTLON10": "-076.7284464", "GISJOIN": "G4201330", "Shape_area": 2358760601.39, "Shape_len": 255593.085603, "YEAR": 2010, "REGIONA": 1, "DIVISIONA": 2, "STATE": "Pennsylvania", "STATEA": 42, "COUNTY": "York County", "COUNTYA": 133, "NAME": "York County", "URBPOP": 327445, "RURALPOP": 107527, "TOTPOP": 434972, "NH_WHITE": 374779, "NH_BLACK": 22493, "NH_AMIN": 635, "NH_ASIAN": 5336, "NH_NHPI": 108, "NH_OTHER": 609, "NH_2MORE": 6615, "HISP": 24397, "H_WHITE": 10356, "H_BLACK": 1851, "H_AMIN": 307, "H_ASIAN": 71, "H_NHPI": 15, "H_OTHER": 9717, "H_2MORE": 2080, "VAP": 332958, "HVAP": 14745, "WVAP": 295425, "BVAP": 15284, "AMINVAP": 509, "ASIANVAP": 3855, "NHPIVAP": 84, "OTHERVAP": 370, "2MOREVAP": 2686, "id": 14}, {"boundary_node": true, "boundary_perim": 208322.08616674013, "area": 2088916026.1199732, "STATEFP10": "42", "COUNTYFP10": "049", "COUNTYNS10": "01209178", "GEOID10": "42049", "NAME10": "Erie", "NAMELSAD10": "Erie County", "LSAD10": "06", "CLASSFP10": "H1", "MTFCC10": "G4020", "CSAFP10": null, "CBSAFP10": "21500", "METDIVFP10": null, "FUNCSTAT10": "A", "ALAND10": 2069799485, "AWATER10": 1966000953, "INTPTLAT10": "+42.1179519", "INTPTLON10": "-080.0963858", "GISJOIN": "G4200490", "Shape_area": 2081650074.67, "Shape_len": 299468.279716, "YEAR": 2010, "REGIONA": 1, "DIVISIONA": 2, "STATE": "Pennsylvania", "STATEA": 42, "COUNTY": "Erie County", "COUNTYA": 49, "NAME": "Erie County", "URBPOP": 224398, "RURALPOP": 56168, "TOTPOP": 280566, "NH_WHITE": 242787, "NH_BLACK": 19485, "NH_AMIN": 447, "NH_ASIAN": 3036, "NH_NHPI": 72, "NH_OTHER": 292, "NH_2MORE": 4929, "HISP": 9518, "H_WHITE": 4782, "H_BLACK": 670, "H_AMIN": 119, "H_ASIAN": 41, "H_NHPI": 18, "H_OTHER": 2939, "H_2MORE": 949, "VAP": 216758, "HVAP": 5423, "WVAP": 193329, "BVAP": 13176, "AMINVAP": 367, "ASIANVAP": 2273, "NHPIVAP": 54, "OTHERVAP": 132, "2MOREVAP": 2004, "id": 15}, {"boundary_node": true, "boundary_perim": 44991.52020122, "area": 2074009350.544735, "STATEFP10": "42", "COUNTYFP10": "051", "COUNTYNS10": "01209179", "GEOID10": "42051", "NAME10": "Fayette", "NAMELSAD10": "Fayette County", "LSAD10": "06", "CLASSFP10": "H1", "MTFCC10": "G4020", "CSAFP10": "430", "CBSAFP10": "38300", "METDIVFP10": null, "FUNCSTAT10": "A", "ALAND10": 2046968639, "AWATER10": 20644016, "INTPTLAT10": "+39.9141154", "INTPTLON10": "-079.6445856", "GISJOIN": "G4200510", "Shape_area": 2067612741.88, "Shape_len": 244421.504811, "YEAR": 2010, "REGIONA": 1, "DIVISIONA": 2, "STATE": "Pennsylvania", "STATEA": 42, "COUNTY": "Fayette County", "COUNTYA": 51, "NAME": "Fayette County", "URBPOP": 71175, "RURALPOP": 65431, "TOTPOP": 136606, "NH_WHITE": 126888, "NH_BLACK": 6270, "NH_AMIN": 161, "NH_ASIAN": 397, "NH_NHPI": 23, "NH_OTHER": 95, "NH_2MORE": 1723, "HISP": 1049, "H_WHITE": 530, "H_BLACK": 55, "H_AMIN": 23, "H_ASIAN": 8, "H_NHPI": 1, "H_OTHER": 316, "H_2MORE": 116, "VAP": 108926, "HVAP": 705, "WVAP": 102247, "BVAP": 4756, "AMINVAP": 129, "ASIANVAP": 310, "NHPIVAP": 11, "OTHERVAP": 40, "2MOREVAP": 728, "id": 16}, {"boundary_node": false, "area": 1438998515.109654, "STATEFP10": "42", "COUNTYFP10": "099", "COUNTYNS10": "01213682", "GEOID10": "42099", "NAME10": "Perry", "NAMELSAD10": "Perry County", "LSAD10": "06", "CLASSFP10": "H1", "MTFCC10": "G4020", "CSAFP10": "276", "CBSAFP10": "25420", "METDIVFP10": null, "FUNCSTAT10": "A", "ALAND10": 1428236088, "AWATER10": 10598014, "INTPTLAT10": "+40.3977795", "INTPTLON10": "-077.2663284", "GISJOIN": "G4200990", "Shape_area": 1438834232.01, "Shape_len": 233016.711974, "YEAR": 2010, "REGIONA": 1, "DIVISIONA": 2, "STATE": "Pennsylvania", "STATEA": 42, "COUNTY": "Perry County", "COUNTYA": 99, "NAME": "Perry County", "URBPOP": 5287, "RURALPOP": 40682, "TOTPOP": 45969, "NH_WHITE": 44427, "NH_BLACK": 284, "NH_AMIN": 58, "NH_ASIAN": 163, "NH_NHPI": 14, "NH_OTHER": 25, "NH_2MORE": 410, "HISP": 588, "H_WHITE": 352, "H_BLACK": 12, "H_AMIN": 14, "H_ASIAN": 1, "H_NHPI": 5, "H_OTHER": 148, "H_2MORE": 56, "VAP": 35263, "HVAP": 328, "WVAP": 34396, "BVAP": 160, "AMINVAP": 45, "ASIANVAP": 108, "NHPIVAP": 12, "OTHERVAP": 6, "2MOREVAP": 208, "id": 17}, {"boundary_node": true, "boundary_perim": 40560.76324022343, "area": 1774975772.220318, "STATEFP10": "42", "COUNTYFP10": "085", "COUNTYNS10": "01213678", "GEOID10": "42085", "NAME10": "Mercer", "NAMELSAD10": "Mercer County", "LSAD10": "06", "CLASSFP10": "H1", "MTFCC10": "G4020", "CSAFP10": "566", "CBSAFP10": "49660", "METDIVFP10": null, "FUNCSTAT10": "A", "ALAND10": 1741960803, "AWATER10": 25978863, "INTPTLAT10": "+41.3000142", "INTPTLON10": "-080.2527863", "GISJOIN": "G4200850", "Shape_area": 1767939743.53, "Shape_len": 174315.64154, "YEAR": 2010, "REGIONA": 1, "DIVISIONA": 2, "STATE": "Pennsylvania", "STATEA": 42, "COUNTY": "Mercer County", "COUNTYA": 85, "NAME": "Mercer County", "URBPOP": 64747, "RURALPOP": 51891, "TOTPOP": 116638, "NH_WHITE": 106176, "NH_BLACK": 6620, "NH_AMIN": 132, "NH_ASIAN": 726, "NH_NHPI": 15, "NH_OTHER": 103, "NH_2MORE": 1618, "HISP": 1248, "H_WHITE": 714, "H_BLACK": 106, "H_AMIN": 24, "H_ASIAN": 2, "H_NHPI": 1, "H_OTHER": 262, "H_2MORE": 139, "VAP": 91409, "HVAP": 795, "WVAP": 84641, "BVAP": 4618, "AMINVAP": 106, "ASIANVAP": 559, "NHPIVAP": 14, "OTHERVAP": 34, "2MOREVAP": 642, "id": 18}, {"boundary_node": false, "area": 2992664068.0657034, "STATEFP10": "42", "COUNTYFP10": "033", "COUNTYNS10": "01209175", "GEOID10": "42033", "NAME10": "Clearfield", "NAMELSAD10": "Clearfield County", "LSAD10": "06", "CLASSFP10": "H1", "MTFCC10": "G4020", "CSAFP10": null, "CBSAFP10": "20180", "METDIVFP10": null, "FUNCSTAT10": "A", "ALAND10": 2147483647, "AWATER10": 23933885, "INTPTLAT10": "+41.0002489", "INTPTLON10": "-078.4737490", "GISJOIN": "G4200330", "Shape_area": 2988750075.54, "Shape_len": 269849.418823, "YEAR": 2010, "REGIONA": 1, "DIVISIONA": 2, "STATE": "Pennsylvania", "STATEA": 42, "COUNTY": "Clearfield County", "COUNTYA": 33, "NAME": "Clearfield County", "URBPOP": 37678, "RURALPOP": 43964, "TOTPOP": 81642, "NH_WHITE": 77031, "NH_BLACK": 1697, "NH_AMIN": 51, "NH_ASIAN": 384, "NH_NHPI": 15, "NH_OTHER": 23, "NH_2MORE": 534, "HISP": 1907, "H_WHITE": 881, "H_BLACK": 165, "H_AMIN": 35, "H_ASIAN": 5, "H_NHPI": 1, "H_OTHER": 629, "H_2MORE": 191, "VAP": 65346, "HVAP": 1692, "WVAP": 61346, "BVAP": 1611, "AMINVAP": 41, "ASIANVAP": 320, "NHPIVAP": 12, "OTHERVAP": 16, "2MOREVAP": 308, "id": 19}, {"boundary_node": false, "area": 1268929107.1004639, "STATEFP10": "42", "COUNTYFP10": "037", "COUNTYNS10": "01213665", "GEOID10": "42037", "NAME10": "Columbia", "NAMELSAD10": "Columbia County", "LSAD10": "06", "CLASSFP10": "H1", "MTFCC10": "G4020", "CSAFP10": null, "CBSAFP10": "14100", "METDIVFP10": null, "FUNCSTAT10": "A", "ALAND10": 1251244127, "AWATER10": 18262890, "INTPTLAT10": "+41.0455174", "INTPTLON10": "-076.4042599", "GISJOIN": "G4200370", "Shape_area": 1269507010.63, "Shape_len": 170091.435098, "YEAR": 2010, "REGIONA": 1, "DIVISIONA": 2, "STATE": "Pennsylvania", "STATEA": 42, "COUNTY": "Columbia County", "COUNTYA": 37, "NAME": "Columbia County", "URBPOP": 39804, "RURALPOP": 27491, "TOTPOP": 67295, "NH_WHITE": 63500, "NH_BLACK": 1190, "NH_AMIN": 57, "NH_ASIAN": 547, "NH_NHPI": 14, "NH_OTHER": 38, "NH_2MORE": 600, "HISP": 1349, "H_WHITE": 727, "H_BLACK": 56, "H_AMIN": 30, "H_ASIAN": 16, "H_NHPI": 1, "H_OTHER": 412, "H_2MORE": 107, "VAP": 54739, "HVAP": 922, "WVAP": 51956, "BVAP": 1013, "AMINVAP": 47, "ASIANVAP": 418, "NHPIVAP": 8, "OTHERVAP": 23, "2MOREVAP": 352, "id": 20}, {"boundary_node": true, "boundary_perim": 78638.96320520341, "area": 1503134552.8384314, "STATEFP10": "42", "COUNTYFP10": "059", "COUNTYNS10": "01214033", "GEOID10": "42059", "NAME10": "Greene", "NAMELSAD10": "Greene County", "LSAD10": "06", "CLASSFP10": "H1", "MTFCC10": "G4020", "CSAFP10": null, "CBSAFP10": null, "METDIVFP10": null, "FUNCSTAT10": "A", "ALAND10": 1491700255, "AWATER10": 5254540, "INTPTLAT10": "+39.8489829", "INTPTLON10": "-080.2256936", "GISJOIN": "G4200590", "Shape_area": 1496954882.54, "Shape_len": 189027.747806, "YEAR": 2010, "REGIONA": 1, "DIVISIONA": 2, "STATE": "Pennsylvania", "STATEA": 42, "COUNTY": "Greene County", "COUNTYA": 59, "NAME": "Greene County", "URBPOP": 12831, "RURALPOP": 25855, "TOTPOP": 38686, "NH_WHITE": 36409, "NH_BLACK": 1272, "NH_AMIN": 59, "NH_ASIAN": 113, "NH_NHPI": 6, "NH_OTHER": 10, "NH_2MORE": 352, "HISP": 465, "H_WHITE": 175, "H_BLACK": 10, "H_AMIN": 8, "H_ASIAN": 0, "H_NHPI": 1, "H_OTHER": 248, "H_2MORE": 23, "VAP": 31006, "HVAP": 374, "WVAP": 29062, "BVAP": 1209, "AMINVAP": 45, "ASIANVAP": 80, "NHPIVAP": 6, "OTHERVAP": 5, "2MOREVAP": 225, "id": 21}, {"boundary_node": false, "area": 1117525058.2666879, "STATEFP10": "42", "COUNTYFP10": "053", "COUNTYNS10": "01213669", "GEOID10": "42053", "NAME10": "Forest", "NAMELSAD10": "Forest County", "LSAD10": "06", "CLASSFP10": "H1", "MTFCC10": "G4020", "CSAFP10": null, "CBSAFP10": null, "METDIVFP10": null, "FUNCSTAT10": "A", "ALAND10": 1106404231, "AWATER10": 8576324, "INTPTLAT10": "+41.5133040", "INTPTLON10": "-079.2497050", "GISJOIN": "G4200530", "Shape_area": 1114980578.3, "Shape_len": 182108.117013, "YEAR": 2010, "REGIONA": 1, "DIVISIONA": 2, "STATE": "Pennsylvania", "STATEA": 42, "COUNTY": "Forest County", "COUNTYA": 53, "NAME": "Forest County", "URBPOP": 0, "RURALPOP": 7716, "TOTPOP": 7716, "NH_WHITE": 5850, "NH_BLACK": 1374, "NH_AMIN": 11, "NH_ASIAN": 12, "NH_NHPI": 1, "NH_OTHER": 5, "NH_2MORE": 45, "HISP": 418, "H_WHITE": 87, "H_BLACK": 15, "H_AMIN": 2, "H_ASIAN": 0, "H_NHPI": 0, "H_OTHER": 313, "H_2MORE": 1, "VAP": 6759, "HVAP": 368, "WVAP": 5059, "BVAP": 1281, "AMINVAP": 11, "ASIANVAP": 11, "NHPIVAP": 1, "OTHERVAP": 5, "2MOREVAP": 23, "id": 22}, {"boundary_node": true, "boundary_perim": 103297.91006812765, "area": 1609369249.3911622, "STATEFP10": "42", "COUNTYFP10": "017", "COUNTYNS10": "01209173", "GEOID10": "42017", "NAME10": "Bucks", "NAMELSAD10": "Bucks County", "LSAD10": "06", "CLASSFP10": "H1", "MTFCC10": "G4020", "CSAFP10": "428", "CBSAFP10": "37980", "METDIVFP10": "37964", "FUNCSTAT10": "A", "ALAND10": 1565148677, "AWATER10": 45497815, "INTPTLAT10": "+40.3368872", "INTPTLON10": "-075.1070600", "GISJOIN": "G4200170", "Shape_area": 1610646180.42, "Shape_len": 203243.74776, "YEAR": 2010, "REGIONA": 1, "DIVISIONA": 2, "STATE": "Pennsylvania", "STATEA": 42, "COUNTY": "Bucks County", "COUNTYA": 17, "NAME": "Bucks County", "URBPOP": 570042, "RURALPOP": 55207, "TOTPOP": 625249, "NH_WHITE": 543207, "NH_BLACK": 21454, "NH_AMIN": 750, "NH_ASIAN": 23893, "NH_NHPI": 138, "NH_OTHER": 813, "NH_2MORE": 8212, "HISP": 26782, "H_WHITE": 14440, "H_BLACK": 922, "H_AMIN": 482, "H_ASIAN": 115, "H_NHPI": 36, "H_OTHER": 8617, "H_2MORE": 2170, "VAP": 481735, "HVAP": 17346, "WVAP": 426542, "BVAP": 15217, "AMINVAP": 572, "ASIANVAP": 17572, "NHPIVAP": 103, "OTHERVAP": 467, "2MOREVAP": 3916, "id": 23}, {"boundary_node": false, "area": 2240858006.716277, "STATEFP10": "42", "COUNTYFP10": "011", "COUNTYNS10": "01209172", "GEOID10": "42011", "NAME10": "Berks", "NAMELSAD10": "Berks County", "LSAD10": "06", "CLASSFP10": "H1", "MTFCC10": "G4020", "CSAFP10": "428", "CBSAFP10": "39740", "METDIVFP10": null, "FUNCSTAT10": "A", "ALAND10": 2147483647, "AWATER10": 23955804, "INTPTLAT10": "+40.4139565", "INTPTLON10": "-075.9268598", "GISJOIN": "G4200110", "Shape_area": 2242297347.08, "Shape_len": 206018.251399, "YEAR": 2010, "REGIONA": 1, "DIVISIONA": 2, "STATE": "Pennsylvania", "STATEA": 42, "COUNTY": "Berks County", "COUNTYA": 11, "NAME": "Berks County", "URBPOP": 313782, "RURALPOP": 97660, "TOTPOP": 411442, "NH_WHITE": 316406, "NH_BLACK": 16517, "NH_AMIN": 536, "NH_ASIAN": 5244, "NH_NHPI": 58, "NH_OTHER": 374, "NH_2MORE": 4952, "HISP": 67355, "H_WHITE": 25742, "H_BLACK": 3626, "H_AMIN": 749, "H_ASIAN": 141, "H_NHPI": 70, "H_OTHER": 31727, "H_2MORE": 5300, "VAP": 313306, "HVAP": 40422, "WVAP": 254324, "BVAP": 11789, "AMINVAP": 410, "ASIANVAP": 3850, "NHPIVAP": 52, "OTHERVAP": 185, "2MOREVAP": 2274, "id": 24}, {"boundary_node": false, "area": 2158899981.1078587, "STATEFP10": "42", "COUNTYFP10": "047", "COUNTYNS10": "01213668", "GEOID10": "42047", "NAME10": "Elk", "NAMELSAD10": "Elk County", "LSAD10": "06", "CLASSFP10": "H1", "MTFCC10": "G4020", "CSAFP10": null, "CBSAFP10": "41260", "METDIVFP10": null, "FUNCSTAT10": "A", "ALAND10": 2142848183, "AWATER10": 12818723, "INTPTLAT10": "+41.4273339", "INTPTLON10": "-078.6539383", "GISJOIN": "G4200470", "Shape_area": 2155674885.41, "Shape_len": 242075.42004, "YEAR": 2010, "REGIONA": 1, "DIVISIONA": 2, "STATE": "Pennsylvania", "STATEA": 42, "COUNTY": "Elk County", "COUNTYA": 47, "NAME": "Elk County", "URBPOP": 14160, "RURALPOP": 17786, "TOTPOP": 31946, "NH_WHITE": 31345, "NH_BLACK": 85, "NH_AMIN": 32, "NH_ASIAN": 95, "NH_NHPI": 5, "NH_OTHER": 14, "NH_2MORE": 187, "HISP": 183, "H_WHITE": 124, "H_BLACK": 4, "H_AMIN": 2, "H_ASIAN": 1, "H_NHPI": 1, "H_OTHER": 28, "H_2MORE": 23, "VAP": 25295, "HVAP": 100, "WVAP": 24923, "BVAP": 52, "AMINVAP": 25, "ASIANVAP": 83, "NHPIVAP": 5, "OTHERVAP": 10, "2MOREVAP": 97, "id": 25}, {"boundary_node": false, "area": 2026400094.7360096, "STATEFP10": "42", "COUNTYFP10": "107", "COUNTYNS10": "01213685", "GEOID10": "42107", "NAME10": "Schuylkill", "NAMELSAD10": "Schuylkill County", "LSAD10": "06", "CLASSFP10": "H1", "MTFCC10": "G4020", "CSAFP10": null, "CBSAFP10": "39060", "METDIVFP10": null, "FUNCSTAT10": "A", "ALAND10": 2016651953, "AWATER10": 10828794, "INTPTLAT10": "+40.7036899", "INTPTLON10": "-076.2178000", "GISJOIN": "G4201070", "Shape_area": 2027480786.5, "Shape_len": 202815.460674, "YEAR": 2010, "REGIONA": 1, "DIVISIONA": 2, "STATE": "Pennsylvania", "STATEA": 42, "COUNTY": "Schuylkill County", "COUNTYA": 107, "NAME": "Schuylkill County", "URBPOP": 94221, "RURALPOP": 54068, "TOTPOP": 148289, "NH_WHITE": 138248, "NH_BLACK": 3841, "NH_AMIN": 162, "NH_ASIAN": 703, "NH_NHPI": 24, "NH_OTHER": 60, "NH_2MORE": 1171, "HISP": 4080, "H_WHITE": 1765, "H_BLACK": 126, "H_AMIN": 50, "H_ASIAN": 7, "H_NHPI": 2, "H_OTHER": 1818, "H_2MORE": 312, "VAP": 118551, "HVAP": 2673, "WVAP": 111154, "BVAP": 3455, "AMINVAP": 133, "ASIANVAP": 555, "NHPIVAP": 17, "OTHERVAP": 31, "2MOREVAP": 533, "id": 26}, {"boundary_node": true, "boundary_perim": 24166.590280744334, "area": 1135630346.6025066, "STATEFP10": "42", "COUNTYFP10": "057", "COUNTYNS10": "01213671", "GEOID10": "42057", "NAME10": "Fulton", "NAMELSAD10": "Fulton County", "LSAD10": "06", "CLASSFP10": "H1", "MTFCC10": "G4020", "CSAFP10": null, "CBSAFP10": null, "METDIVFP10": null, "FUNCSTAT10": "A", "ALAND10": 1133252780, "AWATER10": 1305486, "INTPTLAT10": "+39.9107505", "INTPTLON10": "-078.1226171", "GISJOIN": "G4200570", "Shape_area": 1134558340.11, "Shape_len": 153583.828497, "YEAR": 2010, "REGIONA": 1, "DIVISIONA": 2, "STATE": "Pennsylvania", "STATEA": 42, "COUNTY": "Fulton County", "COUNTYA": 57, "NAME": "Fulton County", "URBPOP": 0, "RURALPOP": 14845, "TOTPOP": 14845, "NH_WHITE": 14387, "NH_BLACK": 144, "NH_AMIN": 26, "NH_ASIAN": 19, "NH_NHPI": 1, "NH_OTHER": 4, "NH_2MORE": 141, "HISP": 123, "H_WHITE": 63, "H_BLACK": 7, "H_AMIN": 2, "H_ASIAN": 0, "H_NHPI": 0, "H_OTHER": 38, "H_2MORE": 13, "VAP": 11414, "HVAP": 60, "WVAP": 11133, "BVAP": 103, "AMINVAP": 25, "ASIANVAP": 15, "NHPIVAP": 1, "OTHERVAP": 3, "2MOREVAP": 74, "id": 27}, {"boundary_node": true, "boundary_perim": 53189.10353657539, "area": 1965042034.2346447, "STATEFP10": "42", "COUNTYFP10": "029", "COUNTYNS10": "01209174", "GEOID10": "42029", "NAME10": "Chester", "NAMELSAD10": "Chester County", "LSAD10": "06", "CLASSFP10": "H1", "MTFCC10": "G4020", "CSAFP10": "428", "CBSAFP10": "37980", "METDIVFP10": "37964", "FUNCSTAT10": "A", "ALAND10": 1943805957, "AWATER10": 22602804, "INTPTLAT10": "+39.9739654", "INTPTLON10": "-075.7497323", "GISJOIN": "G4200290", "Shape_area": 1966408725.37, "Shape_len": 253108.865121, "YEAR": 2010, "REGIONA": 1, "DIVISIONA": 2, "STATE": "Pennsylvania", "STATEA": 42, "COUNTY": "Chester County", "COUNTYA": 29, "NAME": "Chester County", "URBPOP": 432651, "RURALPOP": 66235, "TOTPOP": 498886, "NH_WHITE": 409561, "NH_BLACK": 29388, "NH_AMIN": 535, "NH_ASIAN": 19216, "NH_NHPI": 117, "NH_OTHER": 600, "NH_2MORE": 6966, "HISP": 32503, "H_WHITE": 17146, "H_BLACK": 1235, "H_AMIN": 327, "H_ASIAN": 80, "H_NHPI": 44, "H_OTHER": 11607, "H_2MORE": 2064, "VAP": 374831, "HVAP": 20982, "WVAP": 314494, "BVAP": 22187, "AMINVAP": 418, "ASIANVAP": 13290, "NHPIVAP": 96, "OTHERVAP": 317, "2MOREVAP": 3047, "id": 28}, {"boundary_node": false, "area": 1774020966.1622605, "STATEFP10": "42", "COUNTYFP10": "121", "COUNTYNS10": "01213690", "GEOID10": "42121", "NAME10": "Venango", "NAMELSAD10": "Venango County", "LSAD10": "06", "CLASSFP10": "H1", "MTFCC10": "G4020", "CSAFP10": null, "CBSAFP10": "36340", "METDIVFP10": null, "FUNCSTAT10": "A", "ALAND10": 1746387330, "AWATER10": 22148536, "INTPTLAT10": "+41.4019797", "INTPTLON10": "-079.7544181", "GISJOIN": "G4201210", "Shape_area": 1768535894.09, "Shape_len": 190700.708334, "YEAR": 2010, "REGIONA": 1, "DIVISIONA": 2, "STATE": "Pennsylvania", "STATEA": 42, "COUNTY": "Venango County", "COUNTYA": 121, "NAME": "Venango County", "URBPOP": 24877, "RURALPOP": 30107, "TOTPOP": 54984, "NH_WHITE": 53052, "NH_BLACK": 567, "NH_AMIN": 81, "NH_ASIAN": 196, "NH_NHPI": 10, "NH_OTHER": 18, "NH_2MORE": 582, "HISP": 478, "H_WHITE": 338, "H_BLACK": 4, "H_AMIN": 4, "H_ASIAN": 1, "H_NHPI": 1, "H_OTHER": 90, "H_2MORE": 40, "VAP": 43152, "HVAP": 275, "WVAP": 42044, "BVAP": 347, "AMINVAP": 68, "ASIANVAP": 137, "NHPIVAP": 7, "OTHERVAP": 10, "2MOREVAP": 264, "id": 29}, {"boundary_node": false, "area": 1171482297.6082351, "STATEFP10": "42", "COUNTYFP10": "113", "COUNTYNS10": "01213687", "GEOID10": "42113", "NAME10": "Sullivan", "NAMELSAD10": "Sullivan County", "LSAD10": "06", "CLASSFP10": "H1", "MTFCC10": "G4020", "CSAFP10": null, "CBSAFP10": null, "METDIVFP10": null, "FUNCSTAT10": "A", "ALAND10": 1165338335, "AWATER10": 6617026, "INTPTLAT10": "+41.4397901", "INTPTLON10": "-076.5115249", "GISJOIN": "G4201130", "Shape_area": 1171955435.49, "Shape_len": 140789.041786, "YEAR": 2010, "REGIONA": 1, "DIVISIONA": 2, "STATE": "Pennsylvania", "STATEA": 42, "COUNTY": "Sullivan County", "COUNTYA": 113, "NAME": "Sullivan County", "URBPOP": 0, "RURALPOP": 6428, "TOTPOP": 6428, "NH_WHITE": 6089, "NH_BLACK": 163, "NH_AMIN": 26, "NH_ASIAN": 19, "NH_NHPI": 0, "NH_OTHER": 0, "NH_2MORE": 39, "HISP": 92, "H_WHITE": 74, "H_BLACK": 5, "H_AMIN": 0, "H_ASIAN": 1, "H_NHPI": 0, "H_OTHER": 8, "H_2MORE": 4, "VAP": 5402, "HVAP": 61, "WVAP": 5152, "BVAP": 122, "AMINVAP": 25, "ASIANVAP": 12, "NHPIVAP": 0, "OTHERVAP": 0, "2MOREVAP": 30, "id": 30}, {"boundary_node": true, "boundary_perim": 49451.05359952268, "area": 2802943043.151977, "STATEFP10": "42", "COUNTYFP10": "105", "COUNTYNS10": "01213684", "GEOID10": "42105", "NAME10": "Potter", "NAMELSAD10": "Potter County", "LSAD10": "06", "CLASSFP10": "H1", "MTFCC10": "G4020", "CSAFP10": null, "CBSAFP10": null, "METDIVFP10": null, "FUNCSTAT10": "A", "ALAND10": 2147483647, "AWATER10": 559776, "INTPTLAT10": "+41.7482219", "INTPTLON10": "-077.8947350", "GISJOIN": "G4201050", "Shape_area": 2801172594.51, "Shape_len": 207935.622331, "YEAR": 2010, "REGIONA": 1, "DIVISIONA": 2, "STATE": "Pennsylvania", "STATEA": 42, "COUNTY": "Potter County", "COUNTYA": 105, "NAME": "Potter County", "URBPOP": 0, "RURALPOP": 17457, "TOTPOP": 17457, "NH_WHITE": 17000, "NH_BLACK": 61, "NH_AMIN": 32, "NH_ASIAN": 45, "NH_NHPI": 1, "NH_OTHER": 1, "NH_2MORE": 136, "HISP": 181, "H_WHITE": 128, "H_BLACK": 6, "H_AMIN": 13, "H_ASIAN": 0, "H_NHPI": 0, "H_OTHER": 29, "H_2MORE": 5, "VAP": 13556, "HVAP": 110, "WVAP": 13266, "BVAP": 40, "AMINVAP": 21, "ASIANVAP": 33, "NHPIVAP": 1, "OTHERVAP": 0, "2MOREVAP": 85, "id": 31}, {"boundary_node": false, "area": 3221342460.30427, "STATEFP10": "42", "COUNTYFP10": "081", "COUNTYNS10": "01213677", "GEOID10": "42081", "NAME10": "Lycoming", "NAMELSAD10": "Lycoming County", "LSAD10": "06", "CLASSFP10": "H1", "MTFCC10": "G4020", "CSAFP10": "558", "CBSAFP10": "48700", "METDIVFP10": null, "FUNCSTAT10": "A", "ALAND10": 2147483647, "AWATER10": 39473357, "INTPTLAT10": "+41.3436239", "INTPTLON10": "-077.0552534", "GISJOIN": "G4200810", "Shape_area": 3221518576.49, "Shape_len": 266045.144423, "YEAR": 2010, "REGIONA": 1, "DIVISIONA": 2, "STATE": "Pennsylvania", "STATEA": 42, "COUNTY": "Lycoming County", "COUNTYA": 81, "NAME": "Lycoming County", "URBPOP": 73990, "RURALPOP": 42121, "TOTPOP": 116111, "NH_WHITE": 106710, "NH_BLACK": 5060, "NH_AMIN": 191, "NH_ASIAN": 663, "NH_NHPI": 24, "NH_OTHER": 103, "NH_2MORE": 1801, "HISP": 1559, "H_WHITE": 863, "H_BLACK": 143, "H_AMIN": 26, "H_ASIAN": 8, "H_NHPI": 1, "H_OTHER": 318, "H_2MORE": 200, "VAP": 91899, "HVAP": 922, "WVAP": 86013, "BVAP": 3588, "AMINVAP": 161, "ASIANVAP": 487, "NHPIVAP": 15, "OTHERVAP": 49, "2MOREVAP": 664, "id": 32}, {"boundary_node": true, "boundary_perim": 64803.86393903397, "area": 3005817521.68799, "STATEFP10": "42", "COUNTYFP10": "015", "COUNTYNS10": "01213660", "GEOID10": "42015", "NAME10": "Bradford", "NAMELSAD10": "Bradford County", "LSAD10": "06", "CLASSFP10": "H1", "MTFCC10": "G4020", "CSAFP10": null, "CBSAFP10": "42380", "METDIVFP10": null, "FUNCSTAT10": "A", "ALAND10": 2147483647, "AWATER10": 35276067, "INTPTLAT10": "+41.7914949", "INTPTLON10": "-076.5021237", "GISJOIN": "G4200150", "Shape_area": 3007025369.54, "Shape_len": 222284.423285, "YEAR": 2010, "REGIONA": 1, "DIVISIONA": 2, "STATE": "Pennsylvania", "STATEA": 42, "COUNTY": "Bradford County", "COUNTYA": 15, "NAME": "Bradford County", "URBPOP": 17425, "RURALPOP": 45197, "TOTPOP": 62622, "NH_WHITE": 60584, "NH_BLACK": 269, "NH_AMIN": 127, "NH_ASIAN": 330, "NH_NHPI": 5, "NH_OTHER": 27, "NH_2MORE": 578, "HISP": 702, "H_WHITE": 451, "H_BLACK": 42, "H_AMIN": 27, "H_ASIAN": 9, "H_NHPI": 2, "H_OTHER": 103, "H_2MORE": 68, "VAP": 48384, "HVAP": 444, "WVAP": 47070, "BVAP": 165, "AMINVAP": 109, "ASIANVAP": 256, "NHPIVAP": 4, "OTHERVAP": 10, "2MOREVAP": 326, "id": 33}, {"boundary_node": true, "boundary_perim": 41641.912096943764, "area": 1154944379.6287208, "STATEFP10": "42", "COUNTYFP10": "007", "COUNTYNS10": "01214112", "GEOID10": "42007", "NAME10": "Beaver", "NAMELSAD10": "Beaver County", "LSAD10": "06", "CLASSFP10": "H1", "MTFCC10": "G4020", "CSAFP10": "430", "CBSAFP10": "38300", "METDIVFP10": null, "FUNCSTAT10": "A", "ALAND10": 1125900054, "AWATER10": 24167050, "INTPTLAT10": "+40.6841401", "INTPTLON10": "-080.3507209", "GISJOIN": "G4200070", "Shape_area": 1150067105.21, "Shape_len": 139438.951968, "YEAR": 2010, "REGIONA": 1, "DIVISIONA": 2, "STATE": "Pennsylvania", "STATEA": 42, "COUNTY": "Beaver County", "COUNTYA": 7, "NAME": "Beaver County", "URBPOP": 126493, "RURALPOP": 44046, "TOTPOP": 170539, "NH_WHITE": 154196, "NH_BLACK": 10586, "NH_AMIN": 158, "NH_ASIAN": 717, "NH_NHPI": 32, "NH_OTHER": 141, "NH_2MORE": 2711, "HISP": 1998, "H_WHITE": 1365, "H_BLACK": 90, "H_AMIN": 23, "H_ASIAN": 7, "H_NHPI": 8, "H_OTHER": 262, "H_2MORE": 243, "VAP": 135661, "HVAP": 1214, "WVAP": 125156, "BVAP": 7561, "AMINVAP": 122, "ASIANVAP": 517, "NHPIVAP": 19, "OTHERVAP": 51, "2MOREVAP": 1021, "id": 34}, {"boundary_node": false, "area": 1366720441.2924507, "STATEFP10": "42", "COUNTYFP10": "013", "COUNTYNS10": "01213659", "GEOID10": "42013", "NAME10": "Blair", "NAMELSAD10": "Blair County", "LSAD10": "06", "CLASSFP10": "H1", "MTFCC10": "G4020", "CSAFP10": null, "CBSAFP10": "11020", "METDIVFP10": null, "FUNCSTAT10": "A", "ALAND10": 1361815301, "AWATER10": 3285521, "INTPTLAT10": "+40.4979262", "INTPTLON10": "-078.3106398", "GISJOIN": "G4200130", "Shape_area": 1365100872.11, "Shape_len": 199656.72156, "YEAR": 2010, "REGIONA": 1, "DIVISIONA": 2, "STATE": "Pennsylvania", "STATEA": 42, "COUNTY": "Blair County", "COUNTYA": 13, "NAME": "Blair County", "URBPOP": 97311, "RURALPOP": 29778, "TOTPOP": 127089, "NH_WHITE": 121495, "NH_BLACK": 2051, "NH_AMIN": 125, "NH_ASIAN": 689, "NH_NHPI": 26, "NH_OTHER": 52, "NH_2MORE": 1421, "HISP": 1230, "H_WHITE": 743, "H_BLACK": 78, "H_AMIN": 18, "H_ASIAN": 17, "H_NHPI": 3, "H_OTHER": 245, "H_2MORE": 126, "VAP": 100211, "HVAP": 795, "WVAP": 96694, "BVAP": 1442, "AMINVAP": 103, "ASIANVAP": 541, "NHPIVAP": 15, "OTHERVAP": 11, "2MOREVAP": 610, "id": 35}, {"boundary_node": false, "area": 901272459.5506884, "STATEFP10": "42", "COUNTYFP10": "077", "COUNTYNS10": "01209182", "GEOID10": "42077", "NAME10": "Lehigh", "NAMELSAD10": "Lehigh County", "LSAD10": "06", "CLASSFP10": "H1", "MTFCC10": "G4020", "CSAFP10": null, "CBSAFP10": "10900", "METDIVFP10": null, "FUNCSTAT10": "A", "ALAND10": 893975782, "AWATER10": 7960045, "INTPTLAT10": "+40.6142409", "INTPTLON10": "-075.5906269", "GISJOIN": "G4200770", "Shape_area": 901935953.685, "Shape_len": 141075.593069, "YEAR": 2010, "REGIONA": 1, "DIVISIONA": 2, "STATE": "Pennsylvania", "STATEA": 42, "COUNTY": "Lehigh County", "COUNTYA": 77, "NAME": "Lehigh County", "URBPOP": 321797, "RURALPOP": 27700, "TOTPOP": 349497, "NH_WHITE": 250245, "NH_BLACK": 17230, "NH_AMIN": 442, "NH_ASIAN": 10090, "NH_NHPI": 65, "NH_OTHER": 555, "NH_2MORE": 5255, "HISP": 65615, "H_WHITE": 26041, "H_BLACK": 4210, "H_AMIN": 837, "H_ASIAN": 157, "H_NHPI": 61, "H_OTHER": 29509, "H_2MORE": 4800, "VAP": 266817, "HVAP": 40422, "WVAP": 204319, "BVAP": 11742, "AMINVAP": 306, "ASIANVAP": 7267, "NHPIVAP": 50, "OTHERVAP": 288, "2MOREVAP": 2423, "id": 36}, {"boundary_node": false, "area": 1002615142.3421968, "STATEFP10": "42", "COUNTYFP10": "025", "COUNTYNS10": "01213664", "GEOID10": "42025", "NAME10": "Carbon", "NAMELSAD10": "Carbon County", "LSAD10": "06", "CLASSFP10": "H1", "MTFCC10": "G4020", "CSAFP10": null, "CBSAFP10": "10900", "METDIVFP10": null, "FUNCSTAT10": "A", "ALAND10": 987977465, "AWATER10": 15350043, "INTPTLAT10": "+40.9178325", "INTPTLON10": "-075.7094276", "GISJOIN": "G4200250", "Shape_area": 1003327561.69, "Shape_len": 157561.468639, "YEAR": 2010, "REGIONA": 1, "DIVISIONA": 2, "STATE": "Pennsylvania", "STATEA": 42, "COUNTY": "Carbon County", "COUNTYA": 25, "NAME": "Carbon County", "URBPOP": 34476, "RURALPOP": 30773, "TOTPOP": 65249, "NH_WHITE": 61168, "NH_BLACK": 888, "NH_AMIN": 100, "NH_ASIAN": 304, "NH_NHPI": 24, "NH_OTHER": 36, "NH_2MORE": 584, "HISP": 2145, "H_WHITE": 1351, "H_BLACK": 88, "H_AMIN": 23, "H_ASIAN": 7, "H_NHPI": 3, "H_OTHER": 468, "H_2MORE": 205, "VAP": 51709, "HVAP": 1254, "WVAP": 49215, "BVAP": 620, "AMINVAP": 80, "ASIANVAP": 230, "NHPIVAP": 16, "OTHERVAP": 19, "2MOREVAP": 275, "id": 37}, {"boundary_node": false, "area": 1074551816.5041237, "STATEFP10": "42", "COUNTYFP10": "087", "COUNTYNS10": "01213679", "GEOID10": "42087", "NAME10": "Mifflin", "NAMELSAD10": "Mifflin County", "LSAD10": "06", "CLASSFP10": "H1", "MTFCC10": "G4020", "CSAFP10": null, "CBSAFP10": "30380", "METDIVFP10": null, "FUNCSTAT10": "A", "ALAND10": 1064565502, "AWATER10": 9544860, "INTPTLAT10": "+40.6118896", "INTPTLON10": "-077.6206614", "GISJOIN": "G4200870", "Shape_area": 1074110319.42, "Shape_len": 176707.43202, "YEAR": 2010, "REGIONA": 1, "DIVISIONA": 2, "STATE": "Pennsylvania", "STATEA": 42, "COUNTY": "Mifflin County", "COUNTYA": 87, "NAME": "Mifflin County", "URBPOP": 23123, "RURALPOP": 23559, "TOTPOP": 46682, "NH_WHITE": 45199, "NH_BLACK": 282, "NH_AMIN": 52, "NH_ASIAN": 167, "NH_NHPI": 6, "NH_OTHER": 26, "NH_2MORE": 416, "HISP": 534, "H_WHITE": 332, "H_BLACK": 18, "H_AMIN": 0, "H_ASIAN": 1, "H_NHPI": 1, "H_OTHER": 117, "H_2MORE": 65, "VAP": 35898, "HVAP": 258, "WVAP": 35079, "BVAP": 174, "AMINVAP": 43, "ASIANVAP": 128, "NHPIVAP": 6, "OTHERVAP": 11, "2MOREVAP": 199, "id": 38}, {"boundary_node": false, "area": 822992669.9043949, "STATEFP10": "42", "COUNTYFP10": "119", "COUNTYNS10": "01213689", "GEOID10": "42119", "NAME10": "Union", "NAMELSAD10": "Union County", "LSAD10": "06", "CLASSFP10": "H1", "MTFCC10": "G4020", "CSAFP10": "526", "CBSAFP10": "30260", "METDIVFP10": null, "FUNCSTAT10": "A", "ALAND10": 818389897, "AWATER10": 4648544, "INTPTLAT10": "+40.9621790", "INTPTLON10": "-077.0554751", "GISJOIN": "G4201190", "Shape_area": 823038247.355, "Shape_len": 149594.840651, "YEAR": 2010, "REGIONA": 1, "DIVISIONA": 2, "STATE": "Pennsylvania", "STATEA": 42, "COUNTY": "Union County", "COUNTYA": 119, "NAME": "Union County", "URBPOP": 25703, "RURALPOP": 19244, "TOTPOP": 44947, "NH_WHITE": 38311, "NH_BLACK": 3048, "NH_AMIN": 125, "NH_ASIAN": 520, "NH_NHPI": 21, "NH_OTHER": 51, "NH_2MORE": 525, "HISP": 2346, "H_WHITE": 1103, "H_BLACK": 276, "H_AMIN": 34, "H_ASIAN": 2, "H_NHPI": 3, "H_OTHER": 741, "H_2MORE": 187, "VAP": 36637, "HVAP": 2058, "WVAP": 30789, "BVAP": 2864, "AMINVAP": 115, "ASIANVAP": 437, "NHPIVAP": 19, "OTHERVAP": 39, "2MOREVAP": 316, "id": 39}, {"boundary_node": true, "boundary_perim": 57404.01983076517, "area": 2332644642.496594, "STATEFP10": "42", "COUNTYFP10": "123", "COUNTYNS10": "01213691", "GEOID10": "42123", "NAME10": "Warren", "NAMELSAD10": "Warren County", "LSAD10": "06", "CLASSFP10": "H1", "MTFCC10": "G4020", "CSAFP10": null, "CBSAFP10": "47620", "METDIVFP10": null, "FUNCSTAT10": "A", "ALAND10": 2147483647, "AWATER10": 37368011, "INTPTLAT10": "+41.8436691", "INTPTLON10": "-079.3131731", "GISJOIN": "G4201230", "Shape_area": 2327266764.39, "Shape_len": 198259.738235, "YEAR": 2010, "REGIONA": 1, "DIVISIONA": 2, "STATE": "Pennsylvania", "STATEA": 42, "COUNTY": "Warren County", "COUNTYA": 123, "NAME": "Warren County", "URBPOP": 18799, "RURALPOP": 23016, "TOTPOP": 41815, "NH_WHITE": 40827, "NH_BLACK": 136, "NH_AMIN": 71, "NH_ASIAN": 156, "NH_NHPI": 12, "NH_OTHER": 4, "NH_2MORE": 304, "HISP": 305, "H_WHITE": 204, "H_BLACK": 13, "H_AMIN": 9, "H_ASIAN": 1, "H_NHPI": 0, "H_OTHER": 49, "H_2MORE": 29, "VAP": 33097, "HVAP": 192, "WVAP": 32461, "BVAP": 97, "AMINVAP": 62, "ASIANVAP": 122, "NHPIVAP": 9, "OTHERVAP": 3, "2MOREVAP": 151, "id": 40}, {"boundary_node": false, "area": 938471568.4832509, "STATEFP10": "42", "COUNTYFP10": "075", "COUNTYNS10": "01214034", "GEOID10": "42075", "NAME10": "Lebanon", "NAMELSAD10": "Lebanon County", "LSAD10": "06", "CLASSFP10": "H1", "MTFCC10": "G4020", "CSAFP10": "276", "CBSAFP10": "30140", "METDIVFP10": null, "FUNCSTAT10": "A", "ALAND10": 937142582, "AWATER10": 1723769, "INTPTLAT10": "+40.3673441", "INTPTLON10": "-076.4580089", "GISJOIN": "G4200750", "Shape_area": 938866339.759, "Shape_len": 127956.875902, "YEAR": 2010, "REGIONA": 1, "DIVISIONA": 2, "STATE": "Pennsylvania", "STATEA": 42, "COUNTY": "Lebanon County", "COUNTYA": 75, "NAME": "Lebanon County", "URBPOP": 98098, "RURALPOP": 35470, "TOTPOP": 133568, "NH_WHITE": 116010, "NH_BLACK": 2134, "NH_AMIN": 133, "NH_ASIAN": 1504, "NH_NHPI": 30, "NH_OTHER": 111, "NH_2MORE": 1236, "HISP": 12410, "H_WHITE": 5556, "H_BLACK": 751, "H_AMIN": 117, "H_ASIAN": 29, "H_NHPI": 6, "H_OTHER": 5054, "H_2MORE": 897, "VAP": 102803, "HVAP": 7460, "WVAP": 91993, "BVAP": 1441, "AMINVAP": 110, "ASIANVAP": 1115, "NHPIVAP": 21, "OTHERVAP": 62, "2MOREVAP": 601, "id": 41}, {"boundary_node": true, "boundary_perim": 57352.31103724215, "area": 2238941037.9325967, "STATEFP10": "42", "COUNTYFP10": "125", "COUNTYNS10": "01209190", "GEOID10": "42125", "NAME10": "Washington", "NAMELSAD10": "Washington County", "LSAD10": "06", "CLASSFP10": "H1", "MTFCC10": "G4020", "CSAFP10": "430", "CBSAFP10": "38300", "METDIVFP10": null, "FUNCSTAT10": "A", "ALAND10": 2147483647, "AWATER10": 10146905, "INTPTLAT10": "+40.2000054", "INTPTLON10": "-080.2521319", "GISJOIN": "G4201250", "Shape_area": 2229738056.54, "Shape_len": 252143.071863, "YEAR": 2010, "REGIONA": 1, "DIVISIONA": 2, "STATE": "Pennsylvania", "STATEA": 42, "COUNTY": "Washington County", "COUNTYA": 125, "NAME": "Washington County", "URBPOP": 143760, "RURALPOP": 64060, "TOTPOP": 207820, "NH_WHITE": 194171, "NH_BLACK": 6650, "NH_AMIN": 214, "NH_ASIAN": 1313, "NH_NHPI": 28, "NH_OTHER": 178, "NH_2MORE": 2900, "HISP": 2366, "H_WHITE": 1486, "H_BLACK": 107, "H_AMIN": 37, "H_ASIAN": 14, "H_NHPI": 3, "H_OTHER": 452, "H_2MORE": 267, "VAP": 165136, "HVAP": 1538, "WVAP": 156014, "BVAP": 5120, "AMINVAP": 173, "ASIANVAP": 952, "NHPIVAP": 25, "OTHERVAP": 68, "2MOREVAP": 1246, "id": 42}, {"boundary_node": false, "area": 1203227036.6196105, "STATEFP10": "42", "COUNTYFP10": "069", "COUNTYNS10": "01213675", "GEOID10": "42069", "NAME10": "Lackawanna", "NAMELSAD10": "Lackawanna County", "LSAD10": "06", "CLASSFP10": "H1", "MTFCC10": "G4020", "CSAFP10": null, "CBSAFP10": "42540", "METDIVFP10": null, "FUNCSTAT10": "A", "ALAND10": 1189006298, "AWATER10": 15105278, "INTPTLAT10": "+41.4402497", "INTPTLON10": "-075.6095869", "GISJOIN": "G4200690", "Shape_area": 1204111585.3, "Shape_len": 162924.771808, "YEAR": 2010, "REGIONA": 1, "DIVISIONA": 2, "STATE": "Pennsylvania", "STATEA": 42, "COUNTY": "Lackawanna County", "COUNTYA": 69, "NAME": "Lackawanna County", "URBPOP": 179472, "RURALPOP": 34965, "TOTPOP": 214437, "NH_WHITE": 192250, "NH_BLACK": 4794, "NH_AMIN": 220, "NH_ASIAN": 3601, "NH_NHPI": 41, "NH_OTHER": 315, "NH_2MORE": 2534, "HISP": 10682, "H_WHITE": 5046, "H_BLACK": 629, "H_AMIN": 110, "H_ASIAN": 43, "H_NHPI": 14, "H_OTHER": 4078, "H_2MORE": 762, "VAP": 170490, "HVAP": 6384, "WVAP": 156508, "BVAP": 3208, "AMINVAP": 152, "ASIANVAP": 2848, "NHPIVAP": 29, "OTHERVAP": 177, "2MOREVAP": 1184, "id": 43}, {"boundary_node": false, "area": 1445331832.2891152, "STATEFP10": "42", "COUNTYFP10": "043", "COUNTYNS10": "01213667", "GEOID10": "42043", "NAME10": "Dauphin", "NAMELSAD10": "Dauphin County", "LSAD10": "06", "CLASSFP10": "H1", "MTFCC10": "G4020", "CSAFP10": "276", "CBSAFP10": "25420", "METDIVFP10": null, "FUNCSTAT10": "A", "ALAND10": 1359864507, "AWATER10": 85809611, "INTPTLAT10": "+40.4125646", "INTPTLON10": "-076.7926343", "GISJOIN": "G4200430", "Shape_area": 1445674401.17, "Shape_len": 199567.556932, "YEAR": 2010, "REGIONA": 1, "DIVISIONA": 2, "STATE": "Pennsylvania", "STATEA": 42, "COUNTY": "Dauphin County", "COUNTYA": 43, "NAME": "Dauphin County", "URBPOP": 232380, "RURALPOP": 35720, "TOTPOP": 268100, "NH_WHITE": 187402, "NH_BLACK": 46320, "NH_AMIN": 396, "NH_ASIAN": 8507, "NH_NHPI": 44, "NH_OTHER": 409, "NH_2MORE": 6227, "HISP": 18795, "H_WHITE": 7508, "H_BLACK": 2066, "H_AMIN": 182, "H_ASIAN": 73, "H_NHPI": 34, "H_OTHER": 6875, "H_2MORE": 2057, "VAP": 205885, "HVAP": 11570, "WVAP": 152289, "BVAP": 32474, "AMINVAP": 307, "ASIANVAP": 6308, "NHPIVAP": 33, "OTHERVAP": 170, "2MOREVAP": 2734, "id": 44}, {"boundary_node": false, "area": 1236428311.8486645, "STATEFP10": "42", "COUNTYFP10": "097", "COUNTYNS10": "01209186", "GEOID10": "42097", "NAME10": "Northumberland", "NAMELSAD10": "Northumberland County", "LSAD10": "06", "CLASSFP10": "H1", "MTFCC10": "G4020", "CSAFP10": "526", "CBSAFP10": "44980", "METDIVFP10": null, "FUNCSTAT10": "A", "ALAND10": 1187166553, "AWATER10": 49616087, "INTPTLAT10": "+40.8515244", "INTPTLON10": "-076.7098770", "GISJOIN": "G4200970", "Shape_area": 1236782656.64, "Shape_len": 225267.002545, "YEAR": 2010, "REGIONA": 1, "DIVISIONA": 2, "STATE": "Pennsylvania", "STATEA": 42, "COUNTY": "Northumberland County", "COUNTYA": 97, "NAME": "Northumberland County", "URBPOP": 61575, "RURALPOP": 32953, "TOTPOP": 94528, "NH_WHITE": 89166, "NH_BLACK": 1814, "NH_AMIN": 115, "NH_ASIAN": 325, "NH_NHPI": 10, "NH_OTHER": 74, "NH_2MORE": 771, "HISP": 2253, "H_WHITE": 990, "H_BLACK": 107, "H_AMIN": 31, "H_ASIAN": 7, "H_NHPI": 3, "H_OTHER": 898, "H_2MORE": 217, "VAP": 75085, "HVAP": 1350, "WVAP": 71553, "BVAP": 1461, "AMINVAP": 84, "ASIANVAP": 245, "NHPIVAP": 8, "OTHERVAP": 48, "2MOREVAP": 336, "id": 45}, {"boundary_node": false, "area": 2345745660.831479, "STATEFP10": "42", "COUNTYFP10": "079", "COUNTYNS10": "01209183", "GEOID10": "42079", "NAME10": "Luzerne", "NAMELSAD10": "Luzerne County", "LSAD10": "06", "CLASSFP10": "H1", "MTFCC10": "G4020", "CSAFP10": null, "CBSAFP10": "42540", "METDIVFP10": null, "FUNCSTAT10": "A", "ALAND10": 2147483647, "AWATER10": 41263613, "INTPTLAT10": "+41.1727868", "INTPTLON10": "-075.9760345", "GISJOIN": "G4200790", "Shape_area": 2347214239.96, "Shape_len": 218373.438015, "YEAR": 2010, "REGIONA": 1, "DIVISIONA": 2, "STATE": "Pennsylvania", "STATEA": 42, "COUNTY": "Luzerne County", "COUNTYA": 79, "NAME": "Luzerne County", "URBPOP": 256783, "RURALPOP": 64135, "TOTPOP": 320918, "NH_WHITE": 283058, "NH_BLACK": 9539, "NH_AMIN": 280, "NH_ASIAN": 3079, "NH_NHPI": 41, "NH_OTHER": 234, "NH_2MORE": 3196, "HISP": 21491, "H_WHITE": 7885, "H_BLACK": 1228, "H_AMIN": 278, "H_ASIAN": 56, "H_NHPI": 16, "H_OTHER": 10321, "H_2MORE": 1707, "VAP": 256118, "HVAP": 12880, "WVAP": 232335, "BVAP": 6824, "AMINVAP": 209, "ASIANVAP": 2327, "NHPIVAP": 32, "OTHERVAP": 120, "2MOREVAP": 1391, "id": 46}, {"boundary_node": true, "boundary_perim": 37521.45128138963, "area": 365318833.9288639, "STATEFP10": "42", "COUNTYFP10": "101", "COUNTYNS10": "01209187", "GEOID10": "42101", "NAME10": "Philadelphia", "NAMELSAD10": "Philadelphia County", "LSAD10": "06", "CLASSFP10": "H6", "MTFCC10": "G4020", "CSAFP10": "428", "CBSAFP10": "37980", "METDIVFP10": "37964", "FUNCSTAT10": "C", "ALAND10": 347321129, "AWATER10": 22289408, "INTPTLAT10": "+40.0093755", "INTPTLON10": "-075.1333459", "GISJOIN": "G4201010", "Shape_area": 365609663.593, "Shape_len": 124074.991377, "YEAR": 2010, "REGIONA": 1, "DIVISIONA": 2, "STATE": "Pennsylvania", "STATEA": 42, "COUNTY": "Philadelphia County", "COUNTYA": 101, "NAME": "Philadelphia County", "URBPOP": 1526006, "RURALPOP": 0, "TOTPOP": 1526006, "NH_WHITE": 562585, "NH_BLACK": 644287, "NH_AMIN": 3498, "NH_ASIAN": 95521, "NH_NHPI": 457, "NH_OTHER": 4105, "NH_2MORE": 27942, "HISP": 187611, "H_WHITE": 63636, "H_BLACK": 17552, "H_AMIN": 3498, "H_ASIAN": 884, "H_NHPI": 287, "H_OTHER": 86626, "H_2MORE": 15128, "VAP": 1182169, "HVAP": 124039, "WVAP": 486225, "BVAP": 471774, "AMINVAP": 2656, "ASIANVAP": 76570, "NHPIVAP": 371, "OTHERVAP": 2912, "2MOREVAP": 17622, "id": 47}, {"boundary_node": false, "area": 1260854517.535403, "STATEFP10": "42", "COUNTYFP10": "091", "COUNTYNS10": "01213680", "GEOID10": "42091", "NAME10": "Montgomery", "NAMELSAD10": "Montgomery County", "LSAD10": "06", "CLASSFP10": "H1", "MTFCC10": "G4020", "CSAFP10": "428", "CBSAFP10": "37980", "METDIVFP10": "37964", "FUNCSTAT10": "A", "ALAND10": 1251067046, "AWATER10": 10761519, "INTPTLAT10": "+40.2099992", "INTPTLON10": "-075.3702011", "GISJOIN": "G4200910", "Shape_area": 1261828557.59, "Shape_len": 197314.625672, "YEAR": 2010, "REGIONA": 1, "DIVISIONA": 2, "STATE": "Pennsylvania", "STATEA": 42, "COUNTY": "Montgomery County", "COUNTYA": 91, "NAME": "Montgomery County", "URBPOP": 776408, "RURALPOP": 23466, "TOTPOP": 799874, "NH_WHITE": 631784, "NH_BLACK": 67582, "NH_AMIN": 791, "NH_ASIAN": 51354, "NH_NHPI": 221, "NH_OTHER": 1206, "NH_2MORE": 12703, "HISP": 34233, "H_WHITE": 17237, "H_BLACK": 1769, "H_AMIN": 383, "H_ASIAN": 211, "H_NHPI": 75, "H_OTHER": 11741, "H_2MORE": 2817, "VAP": 616375, "HVAP": 22772, "WVAP": 498422, "BVAP": 50034, "AMINVAP": 583, "ASIANVAP": 38115, "NHPIVAP": 171, "OTHERVAP": 651, "2MOREVAP": 5627, "id": 48}, {"boundary_node": false, "area": 1425449964.4426944, "STATEFP10": "42", "COUNTYFP10": "041", "COUNTYNS10": "01209176", "GEOID10": "42041", "NAME10": "Cumberland", "NAMELSAD10": "Cumberland County", "LSAD10": "06", "CLASSFP10": "H1", "MTFCC10": "G4020", "CSAFP10": "276", "CBSAFP10": "25420", "METDIVFP10": null, "FUNCSTAT10": "A", "ALAND10": 1412732365, "AWATER10": 12542956, "INTPTLAT10": "+40.1647822", "INTPTLON10": "-077.2634399", "GISJOIN": "G4200410", "Shape_area": 1425275445.06, "Shape_len": 222400.146575, "YEAR": 2010, "REGIONA": 1, "DIVISIONA": 2, "STATE": "Pennsylvania", "STATEA": 42, "COUNTY": "Cumberland County", "COUNTYA": 41, "NAME": "Cumberland County", "URBPOP": 183198, "RURALPOP": 52208, "TOTPOP": 235406, "NH_WHITE": 210514, "NH_BLACK": 7237, "NH_AMIN": 293, "NH_ASIAN": 7028, "NH_NHPI": 60, "NH_OTHER": 229, "NH_2MORE": 3597, "HISP": 6448, "H_WHITE": 3420, "H_BLACK": 290, "H_AMIN": 70, "H_ASIAN": 44, "H_NHPI": 5, "H_OTHER": 1974, "H_2MORE": 645, "VAP": 186694, "HVAP": 4157, "WVAP": 169721, "BVAP": 5539, "AMINVAP": 249, "ASIANVAP": 5246, "NHPIVAP": 45, "OTHERVAP": 136, "2MOREVAP": 1601, "id": 49}, {"boundary_node": true, "boundary_perim": 50135.347950703464, "area": 2805541135.554237, "STATEFP10": "42", "COUNTYFP10": "111", "COUNTYNS10": "01209188", "GEOID10": "42111", "NAME10": "Somerset", "NAMELSAD10": "Somerset County", "LSAD10": "06", "CLASSFP10": "H1", "MTFCC10": "G4020", "CSAFP10": null, "CBSAFP10": "43740", "METDIVFP10": null, "FUNCSTAT10": "A", "ALAND10": 2147483647, "AWATER10": 16984191, "INTPTLAT10": "+39.9812968", "INTPTLON10": "-079.0284859", "GISJOIN": "G4201110", "Shape_area": 2799600162.89, "Shape_len": 246682.54758, "YEAR": 2010, "REGIONA": 1, "DIVISIONA": 2, "STATE": "Pennsylvania", "STATEA": 42, "COUNTY": "Somerset County", "COUNTYA": 111, "NAME": "Somerset County", "URBPOP": 22699, "RURALPOP": 55043, "TOTPOP": 77742, "NH_WHITE": 74265, "NH_BLACK": 1856, "NH_AMIN": 76, "NH_ASIAN": 238, "NH_NHPI": 16, "NH_OTHER": 11, "NH_2MORE": 440, "HISP": 840, "H_WHITE": 338, "H_BLACK": 7, "H_AMIN": 10, "H_ASIAN": 1, "H_NHPI": 1, "H_OTHER": 457, "H_2MORE": 26, "VAP": 62611, "HVAP": 668, "WVAP": 59675, "BVAP": 1792, "AMINVAP": 58, "ASIANVAP": 175, "NHPIVAP": 11, "OTHERVAP": 5, "2MOREVAP": 227, "id": 50}, {"boundary_node": false, "area": 1032890199.1689134, "STATEFP10": "42", "COUNTYFP10": "023", "COUNTYNS10": "01213663", "GEOID10": "42023", "NAME10": "Cameron", "NAMELSAD10": "Cameron County", "LSAD10": "06", "CLASSFP10": "H1", "MTFCC10": "G4020", "CSAFP10": null, "CBSAFP10": null, "METDIVFP10": null, "FUNCSTAT10": "A", "ALAND10": 1026232612, "AWATER10": 5664007, "INTPTLAT10": "+41.4382888", "INTPTLON10": "-078.1983145", "GISJOIN": "G4200230", "Shape_area": 1031893692.94, "Shape_len": 145244.862381, "YEAR": 2010, "REGIONA": 1, "DIVISIONA": 2, "STATE": "Pennsylvania", "STATEA": 42, "COUNTY": "Cameron County", "COUNTYA": 23, "NAME": "Cameron County", "URBPOP": 2677, "RURALPOP": 2408, "TOTPOP": 5085, "NH_WHITE": 4985, "NH_BLACK": 12, "NH_AMIN": 13, "NH_ASIAN": 14, "NH_NHPI": 0, "NH_OTHER": 0, "NH_2MORE": 42, "HISP": 19, "H_WHITE": 15, "H_BLACK": 1, "H_AMIN": 0, "H_ASIAN": 0, "H_NHPI": 0, "H_OTHER": 3, "H_2MORE": 0, "VAP": 4100, "HVAP": 12, "WVAP": 4039, "BVAP": 9, "AMINVAP": 10, "ASIANVAP": 9, "NHPIVAP": 0, "OTHERVAP": 0, "2MOREVAP": 21, "id": 51}, {"boundary_node": true, "boundary_perim": 54912.19711254828, "area": 2002668215.1007733, "STATEFP10": "42", "COUNTYFP10": "055", "COUNTYNS10": "01213670", "GEOID10": "42055", "NAME10": "Franklin", "NAMELSAD10": "Franklin County", "LSAD10": "06", "CLASSFP10": "H1", "MTFCC10": "G4020", "CSAFP10": null, "CBSAFP10": "16540", "METDIVFP10": null, "FUNCSTAT10": "A", "ALAND10": 2000050083, "AWATER10": 1546381, "INTPTLAT10": "+39.9266863", "INTPTLON10": "-077.7244853", "GISJOIN": "G4200550", "Shape_area": 2001596649.96, "Shape_len": 216985.164411, "YEAR": 2010, "REGIONA": 1, "DIVISIONA": 2, "STATE": "Pennsylvania", "STATEA": 42, "COUNTY": "Franklin County", "COUNTYA": 55, "NAME": "Franklin County", "URBPOP": 89244, "RURALPOP": 60374, "TOTPOP": 149618, "NH_WHITE": 135004, "NH_BLACK": 4348, "NH_AMIN": 230, "NH_ASIAN": 1294, "NH_NHPI": 17, "NH_OTHER": 142, "NH_2MORE": 2145, "HISP": 6438, "H_WHITE": 2670, "H_BLACK": 352, "H_AMIN": 72, "H_ASIAN": 16, "H_NHPI": 12, "H_OTHER": 2707, "H_2MORE": 609, "VAP": 113878, "HVAP": 3728, "WVAP": 105134, "BVAP": 2961, "AMINVAP": 182, "ASIANVAP": 943, "NHPIVAP": 15, "OTHERVAP": 61, "2MOREVAP": 854, "id": 52}, {"boundary_node": false, "area": 1019429833.0350757, "STATEFP10": "42", "COUNTYFP10": "067", "COUNTYNS10": "01209180", "GEOID10": "42067", "NAME10": "Juniata", "NAMELSAD10": "Juniata County", "LSAD10": "06", "CLASSFP10": "H1", "MTFCC10": "G4020", "CSAFP10": null, "CBSAFP10": null, "METDIVFP10": null, "FUNCSTAT10": "A", "ALAND10": 1013592984, "AWATER10": 5606085, "INTPTLAT10": "+40.5306730", "INTPTLON10": "-077.4004377", "GISJOIN": "G4200670", "Shape_area": 1019199152.8, "Shape_len": 194120.722967, "YEAR": 2010, "REGIONA": 1, "DIVISIONA": 2, "STATE": "Pennsylvania", "STATEA": 42, "COUNTY": "Juniata County", "COUNTYA": 67, "NAME": "Juniata County", "URBPOP": 4372, "RURALPOP": 20264, "TOTPOP": 24636, "NH_WHITE": 23584, "NH_BLACK": 134, "NH_AMIN": 24, "NH_ASIAN": 85, "NH_NHPI": 1, "NH_OTHER": 6, "NH_2MORE": 179, "HISP": 623, "H_WHITE": 261, "H_BLACK": 17, "H_AMIN": 7, "H_ASIAN": 0, "H_NHPI": 2, "H_OTHER": 273, "H_2MORE": 63, "VAP": 18723, "HVAP": 331, "WVAP": 18174, "BVAP": 71, "AMINVAP": 18, "ASIANVAP": 58, "NHPIVAP": 1, "OTHERVAP": 2, "2MOREVAP": 68, "id": 53}, {"boundary_node": false, "area": 2884342091.6303105, "STATEFP10": "42", "COUNTYFP10": "027", "COUNTYNS10": "01214720", "GEOID10": "42027", "NAME10": "Centre", "NAMELSAD10": "Centre County", "LSAD10": "06", "CLASSFP10": "H1", "MTFCC10": "G4020", "CSAFP10": null, "CBSAFP10": "44300", "METDIVFP10": null, "FUNCSTAT10": "A", "ALAND10": 2147483647, "AWATER10": 7878533, "INTPTLAT10": "+40.9091603", "INTPTLON10": "-077.8478296", "GISJOIN": "G4200270", "Shape_area": 2882614507.19, "Shape_len": 344701.300633, "YEAR": 2010, "REGIONA": 1, "DIVISIONA": 2, "STATE": "Pennsylvania", "STATEA": 42, "COUNTY": "Centre County", "COUNTYA": 27, "NAME": "Centre County", "URBPOP": 104378, "RURALPOP": 49612, "TOTPOP": 153990, "NH_WHITE": 135427, "NH_BLACK": 4456, "NH_AMIN": 153, "NH_ASIAN": 7934, "NH_NHPI": 42, "NH_OTHER": 202, "NH_2MORE": 2086, "HISP": 3690, "H_WHITE": 2198, "H_BLACK": 182, "H_AMIN": 38, "H_ASIAN": 52, "H_NHPI": 6, "H_OTHER": 940, "H_2MORE": 274, "VAP": 129478, "HVAP": 3147, "WVAP": 113699, "BVAP": 4003, "AMINVAP": 128, "ASIANVAP": 6997, "NHPIVAP": 38, "OTHERVAP": 144, "2MOREVAP": 1322, "id": 54}, {"boundary_node": false, "area": 1723980960.0619712, "STATEFP10": "42", "COUNTYFP10": "005", "COUNTYNS10": "01213658", "GEOID10": "42005", "NAME10": "Armstrong", "NAMELSAD10": "Armstrong County", "LSAD10": "06", "CLASSFP10": "H1", "MTFCC10": "G4020", "CSAFP10": "430", "CBSAFP10": "38300", "METDIVFP10": null, "FUNCSTAT10": "A", "ALAND10": 1691787010, "AWATER10": 27556878, "INTPTLAT10": "+40.8123792", "INTPTLON10": "-079.4641277", "GISJOIN": "G4200050", "Shape_area": 1719343892.4, "Shape_len": 253973.94601, "YEAR": 2010, "REGIONA": 1, "DIVISIONA": 2, "STATE": "Pennsylvania", "STATEA": 42, "COUNTY": "Armstrong County", "COUNTYA": 5, "NAME": "Armstrong County", "URBPOP": 22415, "RURALPOP": 46526, "TOTPOP": 68941, "NH_WHITE": 67326, "NH_BLACK": 540, "NH_AMIN": 41, "NH_ASIAN": 147, "NH_NHPI": 8, "NH_OTHER": 25, "NH_2MORE": 488, "HISP": 366, "H_WHITE": 239, "H_BLACK": 13, "H_AMIN": 4, "H_ASIAN": 3, "H_NHPI": 1, "H_OTHER": 66, "H_2MORE": 40, "VAP": 54752, "HVAP": 225, "WVAP": 53761, "BVAP": 399, "AMINVAP": 35, "ASIANVAP": 104, "NHPIVAP": 5, "OTHERVAP": 10, "2MOREVAP": 213, "id": 55}, {"boundary_node": true, "boundary_perim": 8944.049078665033, "area": 2546724714.3683653, "STATEFP10": "42", "COUNTYFP10": "071", "COUNTYNS10": "01209181", "GEOID10": "42071", "NAME10": "Lancaster", "NAMELSAD10": "Lancaster County", "LSAD10": "06", "CLASSFP10": "H1", "MTFCC10": "G4020", "CSAFP10": null, "CBSAFP10": "29540", "METDIVFP10": null, "FUNCSTAT10": "A", "ALAND10": 2147483647, "AWATER10": 103581050, "INTPTLAT10": "+40.0419921", "INTPTLON10": "-076.2501980", "GISJOIN": "G4200710", "Shape_area": 2548038121.54, "Shape_len": 248041.673016, "YEAR": 2010, "REGIONA": 1, "DIVISIONA": 2, "STATE": "Pennsylvania", "STATEA": 42, "COUNTY": "Lancaster County", "COUNTYA": 71, "NAME": "Lancaster County", "URBPOP": 409026, "RURALPOP": 110419, "TOTPOP": 519445, "NH_WHITE": 440969, "NH_BLACK": 16087, "NH_AMIN": 658, "NH_ASIAN": 9726, "NH_NHPI": 108, "NH_OTHER": 448, "NH_2MORE": 6519, "HISP": 44930, "H_WHITE": 19202, "H_BLACK": 2948, "H_AMIN": 537, "H_ASIAN": 134, "H_NHPI": 56, "H_OTHER": 18371, "H_2MORE": 3682, "VAP": 390430, "HVAP": 27732, "WVAP": 340627, "BVAP": 11351, "AMINVAP": 510, "ASIANVAP": 7057, "NHPIVAP": 80, "OTHERVAP": 223, "2MOREVAP": 2850, "id": 56}, {"boundary_node": true, "boundary_perim": 90163.87201199675, "area": 1942561280.4140525, "STATEFP10": "42", "COUNTYFP10": "127", "COUNTYNS10": "01213692", "GEOID10": "42127", "NAME10": "Wayne", "NAMELSAD10": "Wayne County", "LSAD10": "06", "CLASSFP10": "H1", "MTFCC10": "G4020", "CSAFP10": null, "CBSAFP10": null, "METDIVFP10": null, "FUNCSTAT10": "A", "ALAND10": 1879304853, "AWATER10": 64776959, "INTPTLAT10": "+41.6465894", "INTPTLON10": "-075.2924847", "GISJOIN": "G4201270", "Shape_area": 1944081856.51, "Shape_len": 262662.049722, "YEAR": 2010, "REGIONA": 1, "DIVISIONA": 2, "STATE": "Pennsylvania", "STATEA": 42, "COUNTY": "Wayne County", "COUNTYA": 127, "NAME": "Wayne County", "URBPOP": 6289, "RURALPOP": 46533, "TOTPOP": 52822, "NH_WHITE": 48590, "NH_BLACK": 1563, "NH_AMIN": 85, "NH_ASIAN": 252, "NH_NHPI": 3, "NH_OTHER": 32, "NH_2MORE": 481, "HISP": 1816, "H_WHITE": 1169, "H_BLACK": 81, "H_AMIN": 16, "H_ASIAN": 3, "H_NHPI": 1, "H_OTHER": 428, "H_2MORE": 118, "VAP": 42780, "HVAP": 1380, "WVAP": 39369, "BVAP": 1445, "AMINVAP": 77, "ASIANVAP": 213, "NHPIVAP": 3, "OTHERVAP": 28, "2MOREVAP": 265, "id": 57}, {"boundary_node": true, "boundary_perim": 54874.03384305327, "area": 2153762892.3919134, "STATEFP10": "42", "COUNTYFP10": "115", "COUNTYNS10": "01213688", "GEOID10": "42115", "NAME10": "Susquehanna", "NAMELSAD10": "Susquehanna County", "LSAD10": "06", "CLASSFP10": "H1", "MTFCC10": "G4020", "CSAFP10": null, "CBSAFP10": null, "METDIVFP10": null, "FUNCSTAT10": "A", "ALAND10": 2132685970, "AWATER10": 22553103, "INTPTLAT10": "+41.8196651", "INTPTLON10": "-075.8009686", "GISJOIN": "G4201150", "Shape_area": 2155239023.72, "Shape_len": 188399.803181, "YEAR": 2010, "REGIONA": 1, "DIVISIONA": 2, "STATE": "Pennsylvania", "STATEA": 42, "COUNTY": "Susquehanna County", "COUNTYA": 115, "NAME": "Susquehanna County", "URBPOP": 6924, "RURALPOP": 36432, "TOTPOP": 43356, "NH_WHITE": 42117, "NH_BLACK": 150, "NH_AMIN": 52, "NH_ASIAN": 121, "NH_NHPI": 9, "NH_OTHER": 18, "NH_2MORE": 325, "HISP": 564, "H_WHITE": 393, "H_BLACK": 6, "H_AMIN": 5, "H_ASIAN": 2, "H_NHPI": 3, "H_OTHER": 121, "H_2MORE": 34, "VAP": 34189, "HVAP": 364, "WVAP": 33367, "BVAP": 105, "AMINVAP": 45, "ASIANVAP": 97, "NHPIVAP": 8, "OTHERVAP": 13, "2MOREVAP": 190, "id": 58}, {"boundary_node": false, "area": 2690822190.4578257, "STATEFP10": "42", "COUNTYFP10": "129", "COUNTYNS10": "01209191", "GEOID10": "42129", "NAME10": "Westmoreland", "NAMELSAD10": "Westmoreland County", "LSAD10": "06", "CLASSFP10": "H1", "MTFCC10": "G4020", "CSAFP10": "430", "CBSAFP10": "38300", "METDIVFP10": null, "FUNCSTAT10": "A", "ALAND10": 2147483647, "AWATER10": 22067359, "INTPTLAT10": "+40.3110682", "INTPTLON10": "-079.4666879", "GISJOIN": "G4201290", "Shape_area": 2683421041.77, "Shape_len": 340974.749402, "YEAR": 2010, "REGIONA": 1, "DIVISIONA": 2, "STATE": "Pennsylvania", "STATEA": 42, "COUNTY": "Westmoreland County", "COUNTYA": 129, "NAME": "Westmoreland County", "URBPOP": 272549, "RURALPOP": 92620, "TOTPOP": 365169, "NH_WHITE": 346111, "NH_BLACK": 8425, "NH_AMIN": 305, "NH_ASIAN": 2692, "NH_NHPI": 59, "NH_OTHER": 242, "NH_2MORE": 4156, "HISP": 3179, "H_WHITE": 2071, "H_BLACK": 137, "H_AMIN": 46, "H_ASIAN": 12, "H_NHPI": 3, "H_OTHER": 591, "H_2MORE": 319, "VAP": 292558, "HVAP": 2024, "WVAP": 280335, "BVAP": 6201, "AMINVAP": 242, "ASIANVAP": 1953, "NHPIVAP": 46, "OTHERVAP": 96, "2MOREVAP": 1661, "id": 59}, {"boundary_node": true, "boundary_perim": 100962.42684091566, "area": 1466964258.5021133, "STATEFP10": "42", "COUNTYFP10": "103", "COUNTYNS10": "01213683", "GEOID10": "42103", "NAME10": "Pike", "NAMELSAD10": "Pike County", "LSAD10": "06", "CLASSFP10": "H1", "MTFCC10": "G4020", "CSAFP10": "408", "CBSAFP10": "35620", "METDIVFP10": "35084", "FUNCSTAT10": "A", "ALAND10": 1411441365, "AWATER10": 56692061, "INTPTLAT10": "+41.3259485", "INTPTLON10": "-075.0315143", "GISJOIN": "G4201030", "Shape_area": 1468133548.59, "Shape_len": 219676.298155, "YEAR": 2010, "REGIONA": 1, "DIVISIONA": 2, "STATE": "Pennsylvania", "STATEA": 42, "COUNTY": "Pike County", "COUNTYA": 103, "NAME": "Pike County", "URBPOP": 16774, "RURALPOP": 40595, "TOTPOP": 57369, "NH_WHITE": 47549, "NH_BLACK": 3050, "NH_AMIN": 127, "NH_ASIAN": 583, "NH_NHPI": 13, "NH_OTHER": 77, "NH_2MORE": 797, "HISP": 5173, "H_WHITE": 3307, "H_BLACK": 272, "H_AMIN": 49, "H_ASIAN": 14, "H_NHPI": 3, "H_OTHER": 1116, "H_2MORE": 412, "VAP": 44011, "HVAP": 3336, "WVAP": 37520, "BVAP": 2166, "AMINVAP": 97, "ASIANVAP": 423, "NHPIVAP": 10, "OTHERVAP": 48, "2MOREVAP": 411, "id": 60}, {"boundary_node": false, "area": 2165450612.302175, "STATEFP10": "42", "COUNTYFP10": "063", "COUNTYNS10": "01213673", "GEOID10": "42063", "NAME10": "Indiana", "NAMELSAD10": "Indiana County", "LSAD10": "06", "CLASSFP10": "H1", "MTFCC10": "G4020", "CSAFP10": null, "CBSAFP10": "26860", "METDIVFP10": null, "FUNCSTAT10": "A", "ALAND10": 2141997762, "AWATER10": 18814066, "INTPTLAT10": "+40.6514319", "INTPTLON10": "-079.0875451", "GISJOIN": "G4200630", "Shape_area": 2160811803.62, "Shape_len": 224358.681016, "YEAR": 2010, "REGIONA": 1, "DIVISIONA": 2, "STATE": "Pennsylvania", "STATEA": 42, "COUNTY": "Indiana County", "COUNTYA": 63, "NAME": "Indiana County", "URBPOP": 35490, "RURALPOP": 53390, "TOTPOP": 88880, "NH_WHITE": 83864, "NH_BLACK": 2374, "NH_AMIN": 103, "NH_ASIAN": 768, "NH_NHPI": 9, "NH_OTHER": 51, "NH_2MORE": 764, "HISP": 947, "H_WHITE": 496, "H_BLACK": 60, "H_AMIN": 21, "H_ASIAN": 6, "H_NHPI": 1, "H_OTHER": 290, "H_2MORE": 73, "VAP": 72034, "HVAP": 716, "WVAP": 68010, "BVAP": 2097, "AMINVAP": 84, "ASIANVAP": 631, "NHPIVAP": 6, "OTHERVAP": 34, "2MOREVAP": 456, "id": 61}, {"boundary_node": false, "area": 1583579745.2017136, "STATEFP10": "42", "COUNTYFP10": "031", "COUNTYNS10": "01210234", "GEOID10": "42031", "NAME10": "Clarion", "NAMELSAD10": "Clarion County", "LSAD10": "06", "CLASSFP10": "H1", "MTFCC10": "G4020", "CSAFP10": null, "CBSAFP10": null, "METDIVFP10": null, "FUNCSTAT10": "A", "ALAND10": 1556153827, "AWATER10": 23335960, "INTPTLAT10": "+41.1982385", "INTPTLON10": "-079.4204044", "GISJOIN": "G4200310", "Shape_area": 1579489757.92, "Shape_len": 207238.555974, "YEAR": 2010, "REGIONA": 1, "DIVISIONA": 2, "STATE": "Pennsylvania", "STATEA": 42, "COUNTY": "Clarion County", "COUNTYA": 31, "NAME": "Clarion County", "URBPOP": 9373, "RURALPOP": 30615, "TOTPOP": 39988, "NH_WHITE": 38724, "NH_BLACK": 468, "NH_AMIN": 45, "NH_ASIAN": 191, "NH_NHPI": 5, "NH_OTHER": 24, "NH_2MORE": 286, "HISP": 245, "H_WHITE": 149, "H_BLACK": 16, "H_AMIN": 13, "H_ASIAN": 0, "H_NHPI": 3, "H_OTHER": 35, "H_2MORE": 29, "VAP": 32233, "HVAP": 156, "WVAP": 31273, "BVAP": 404, "AMINVAP": 37, "ASIANVAP": 170, "NHPIVAP": 5, "OTHERVAP": 17, "2MOREVAP": 171, "id": 62}, {"boundary_node": true, "boundary_perim": 56552.00896794854, "area": 976687611.4461713, "STATEFP10": "42", "COUNTYFP10": "095", "COUNTYNS10": "01209185", "GEOID10": "42095", "NAME10": "Northampton", "NAMELSAD10": "Northampton County", "LSAD10": "06", "CLASSFP10": "H1", "MTFCC10": "G4020", "CSAFP10": null, "CBSAFP10": "10900", "METDIVFP10": null, "FUNCSTAT10": "A", "ALAND10": 957444154, "AWATER10": 20006520, "INTPTLAT10": "+40.7527913", "INTPTLON10": "-075.3074468", "GISJOIN": "G4200950", "Shape_area": 977450569.786, "Shape_len": 169939.704691, "YEAR": 2010, "REGIONA": 1, "DIVISIONA": 2, "STATE": "Pennsylvania", "STATEA": 42, "COUNTY": "Northampton County", "COUNTYA": 95, "NAME": "Northampton County", "URBPOP": 259719, "RURALPOP": 38016, "TOTPOP": 297735, "NH_WHITE": 241163, "NH_BLACK": 13207, "NH_AMIN": 329, "NH_ASIAN": 7131, "NH_NHPI": 74, "NH_OTHER": 422, "NH_2MORE": 4230, "HISP": 31179, "H_WHITE": 15732, "H_BLACK": 1779, "H_AMIN": 280, "H_ASIAN": 72, "H_NHPI": 24, "H_OTHER": 10867, "H_2MORE": 2425, "VAP": 232558, "HVAP": 19959, "WVAP": 195443, "BVAP": 9176, "AMINVAP": 250, "ASIANVAP": 5423, "NHPIVAP": 54, "OTHERVAP": 221, "2MOREVAP": 2032, "id": 63}, {"boundary_node": false, "area": 2065442702.7311306, "STATEFP10": "42", "COUNTYFP10": "019", "COUNTYNS10": "01213661", "GEOID10": "42019", "NAME10": "Butler", "NAMELSAD10": "Butler County", "LSAD10": "06", "CLASSFP10": "H1", "MTFCC10": "G4020", "CSAFP10": "430", "CBSAFP10": "38300", "METDIVFP10": null, "FUNCSTAT10": "A", "ALAND10": 2042475490, "AWATER10": 15921864, "INTPTLAT10": "+40.9138336", "INTPTLON10": "-079.9189599", "GISJOIN": "G4200190", "Shape_area": 2058397419.64, "Shape_len": 180507.637704, "YEAR": 2010, "REGIONA": 1, "DIVISIONA": 2, "STATE": "Pennsylvania", "STATEA": 42, "COUNTY": "Butler County", "COUNTYA": 19, "NAME": "Butler County", "URBPOP": 106706, "RURALPOP": 77156, "TOTPOP": 183862, "NH_WHITE": 176259, "NH_BLACK": 1954, "NH_AMIN": 166, "NH_ASIAN": 1826, "NH_NHPI": 47, "NH_OTHER": 102, "NH_2MORE": 1567, "HISP": 1941, "H_WHITE": 1346, "H_BLACK": 67, "H_AMIN": 28, "H_ASIAN": 12, "H_NHPI": 3, "H_OTHER": 360, "H_2MORE": 125, "VAP": 142596, "HVAP": 1208, "WVAP": 137770, "BVAP": 1389, "AMINVAP": 120, "ASIANVAP": 1304, "NHPIVAP": 40, "OTHERVAP": 44, "2MOREVAP": 721, "id": 64}, {"boundary_node": false, "area": 858597322.8960633, "STATEFP10": "42", "COUNTYFP10": "109", "COUNTYNS10": "01213686", "GEOID10": "42109", "NAME10": "Snyder", "NAMELSAD10": "Snyder County", "LSAD10": "06", "CLASSFP10": "H1", "MTFCC10": "G4020", "CSAFP10": "526", "CBSAFP10": "42780", "METDIVFP10": null, "FUNCSTAT10": "A", "ALAND10": 851343254, "AWATER10": 7292556, "INTPTLAT10": "+40.7553480", "INTPTLON10": "-077.0729544", "GISJOIN": "G4201090", "Shape_area": 858635831.293, "Shape_len": 142027.177312, "YEAR": 2010, "REGIONA": 1, "DIVISIONA": 2, "STATE": "Pennsylvania", "STATEA": 42, "COUNTY": "Snyder County", "COUNTYA": 109, "NAME": "Snyder County", "URBPOP": 13173, "RURALPOP": 26529, "TOTPOP": 39702, "NH_WHITE": 38127, "NH_BLACK": 375, "NH_AMIN": 43, "NH_ASIAN": 211, "NH_NHPI": 5, "NH_OTHER": 12, "NH_2MORE": 272, "HISP": 657, "H_WHITE": 349, "H_BLACK": 53, "H_AMIN": 10, "H_ASIAN": 3, "H_NHPI": 1, "H_OTHER": 186, "H_2MORE": 55, "VAP": 30808, "HVAP": 415, "WVAP": 29804, "BVAP": 237, "AMINVAP": 31, "ASIANVAP": 166, "NHPIVAP": 4, "OTHERVAP": 8, "2MOREVAP": 143, "id": 65}, {"boundary_node": false, "area": 1704472203.9884882, "STATEFP10": "42", "COUNTYFP10": "065", "COUNTYNS10": "01213674", "GEOID10": "42065", "NAME10": "Jefferson", "NAMELSAD10": "Jefferson County", "LSAD10": "06", "CLASSFP10": "H1", "MTFCC10": "G4020", "CSAFP10": null, "CBSAFP10": null, "METDIVFP10": null, "FUNCSTAT10": "A", "ALAND10": 1689783371, "AWATER10": 11322601, "INTPTLAT10": "+41.1302871", "INTPTLON10": "-078.9990439", "GISJOIN": "G4200650", "Shape_area": 1701105996.97, "Shape_len": 187144.423401, "YEAR": 2010, "REGIONA": 1, "DIVISIONA": 2, "STATE": "Pennsylvania", "STATEA": 42, "COUNTY": "Jefferson County", "COUNTYA": 65, "NAME": "Jefferson County", "URBPOP": 17420, "RURALPOP": 27780, "TOTPOP": 45200, "NH_WHITE": 44264, "NH_BLACK": 147, "NH_AMIN": 72, "NH_ASIAN": 91, "NH_NHPI": 3, "NH_OTHER": 8, "NH_2MORE": 340, "HISP": 275, "H_WHITE": 182, "H_BLACK": 10, "H_AMIN": 14, "H_ASIAN": 1, "H_NHPI": 0, "H_OTHER": 47, "H_2MORE": 21, "VAP": 35443, "HVAP": 171, "WVAP": 34802, "BVAP": 131, "AMINVAP": 64, "ASIANVAP": 74, "NHPIVAP": 1, "OTHERVAP": 6, "2MOREVAP": 194, "id": 66}], "adjacency": [[{"shared_perim": 38131.37439824061, "id": 50}, {"shared_perim": 10857.642148780087, "id": 10}, {"shared_perim": 14985.874045797258, "id": 59}, {"shared_perim": 55534.2235108694, "id": 35}, {"shared_perim": 40517.89443143191, "id": 61}, {"shared_perim": 38157.31136881567, "id": 19}], [{"shared_perim": 62718.10495339322, "id": 42}, {"shared_perim": 76100.35559368882, "id": 59}, {"shared_perim": 33808.530526442, "id": 34}, {"shared_perim": 29.08082908574459, "id": 55}, {"shared_perim": 38703.42832008602, "id": 64}], [{"shared_perim": 52582.48281617127, "id": 14}, {"shared_perim": 24911.170577932153, "id": 52}, {"shared_perim": 33171.2375397416, "id": 49}], [{"shared_perim": 26706.97342852112, "id": 27}, {"shared_perim": 26650.68939716558, "id": 52}, {"shared_perim": 19241.195410608274, "id": 10}, {"shared_perim": 13453.469335045549, "id": 53}, {"shared_perim": 76886.83157158317, "id": 35}, {"shared_perim": 69115.39665024135, "id": 38}, {"shared_perim": 41496.33806939587, "id": 54}], [{"shared_perim": 45668.47675432444, "id": 18}, {"shared_perim": 47603.08186292647, "id": 29}, {"shared_perim": 25163.23035823391, "id": 40}, {"shared_perim": 75490.73964038407, "id": 15}], [{"shared_perim": 49286.17773027744, "id": 28}, {"shared_perim": 23259.66014148916, "id": 47}, {"shared_perim": 13136.550849604808, "id": 48}], [{"shared_perim": 2734.636710792064, "id": 39}, {"shared_perim": 116846.31194053464, "id": 54}, {"shared_perim": 8447.574783470009, "id": 19}, {"shared_perim": 66279.80157444674, "id": 32}, {"shared_perim": 30813.953188241194, "id": 51}, {"shared_perim": 32682.159063360647, "id": 31}], [{"shared_perim": 30485.878736429153, "id": 34}, {"shared_perim": 25811.895241352297, "id": 64}, {"shared_perim": 38954.46046037931, "id": 18}], [{"shared_perim": 58262.62256336889, "id": 45}, {"shared_perim": 37779.15687449267, "id": 20}, {"shared_perim": 8147.7197837309395, "id": 32}], [{"shared_perim": 64577.945365569016, "id": 32}, {"shared_perim": 50787.750203305084, "id": 31}, {"shared_perim": 45174.555190857645, "id": 33}], [{"shared_perim": 10857.642148780087, "id": 0}, {"shared_perim": 19241.195410608274, "id": 3}, {"shared_perim": 58153.15659385428, "id": 27}, {"shared_perim": 62074.66178900734, "id": 50}, {"shared_perim": 45252.90800242758, "id": 35}], [{"shared_perim": 37238.06838492597, "id": 63}, {"shared_perim": 49036.47378562392, "id": 37}, {"shared_perim": 8752.001724576596, "id": 46}, {"shared_perim": 50270.895208763344, "id": 60}, {"shared_perim": 15610.780498428265, "id": 43}, {"shared_perim": 12416.088623389724, "id": 57}], [{"shared_perim": 38319.93067430984, "id": 46}, {"shared_perim": 29380.628421538335, "id": 43}, {"shared_perim": 19052.289416220166, "id": 30}, {"shared_perim": 18885.81286070104, "id": 33}, {"shared_perim": 33817.55688401296, "id": 58}], [{"shared_perim": 19633.343496631805, "id": 51}, {"shared_perim": 48078.65703245211, "id": 25}, {"shared_perim": 42388.53117455863, "id": 31}, {"shared_perim": 44714.54341390178, "id": 40}], [{"shared_perim": 52582.48281617127, "id": 2}, {"shared_perim": 70433.70484486254, "id": 56}, {"shared_perim": 48922.16466876483, "id": 49}, {"shared_perim": 18914.47765261935, "id": 44}], [{"shared_perim": 75490.73964038407, "id": 4}, {"shared_perim": 16568.90913355048, "id": 40}], [{"shared_perim": 41469.57196825061, "id": 21}, {"shared_perim": 51577.834612737934, "id": 50}, {"shared_perim": 35839.713836916715, "id": 42}, {"shared_perim": 71321.26911709821, "id": 59}], [{"shared_perim": 20554.70161459177, "id": 52}, {"shared_perim": 85431.17055137522, "id": 49}, {"shared_perim": 48738.47386898182, "id": 44}, {"shared_perim": 78832.8394715971, "id": 53}], [{"shared_perim": 45668.47675432444, "id": 4}, {"shared_perim": 38954.46046037931, "id": 7}, {"shared_perim": 13990.229885953315, "id": 64}, {"shared_perim": 35405.091354477656, "id": 29}], [{"shared_perim": 38157.31136881567, "id": 0}, {"shared_perim": 8447.574783470009, "id": 6}, {"shared_perim": 1178.063509501312, "id": 35}, {"shared_perim": 20356.409926170498, "id": 61}, {"shared_perim": 107600.72422873804, "id": 54}, {"shared_perim": 38334.58327404944, "id": 66}, {"shared_perim": 12156.282385765087, "id": 51}, {"shared_perim": 44024.25509649341, "id": 25}], [{"shared_perim": 37779.15687449267, "id": 8}, {"shared_perim": 25887.91560268623, "id": 26}, {"shared_perim": 24952.975160567858, "id": 45}, {"shared_perim": 46013.40446044285, "id": 46}, {"shared_perim": 21919.985616242833, "id": 32}, {"shared_perim": 13119.057959680555, "id": 30}], [{"shared_perim": 41469.57196825061, "id": 16}, {"shared_perim": 69606.59850935379, "id": 42}], [{"shared_perim": 19398.720217846305, "id": 66}, {"shared_perim": 39600.34021278191, "id": 62}, {"shared_perim": 46054.33623998833, "id": 25}, {"shared_perim": 30881.969472346507, "id": 29}, {"shared_perim": 46397.86579745178, "id": 40}], [{"shared_perim": 16805.58813284909, "id": 47}, {"shared_perim": 50598.292928463816, "id": 48}, {"shared_perim": 18432.819137077455, "id": 36}, {"shared_perim": 14118.646105298061, "id": 63}], [{"shared_perim": 19016.136303930223, "id": 28}, {"shared_perim": 30887.000798646375, "id": 56}, {"shared_perim": 26850.706859768015, "id": 48}, {"shared_perim": 31900.454674041477, "id": 41}, {"shared_perim": 39900.37627462672, "id": 36}, {"shared_perim": 57705.06773137201, "id": 26}], [{"shared_perim": 48078.65703245211, "id": 13}, {"shared_perim": 44024.25509649341, "id": 19}, {"shared_perim": 46054.33623998833, "id": 22}, {"shared_perim": 47244.62308494466, "id": 66}, {"shared_perim": 57076.97688793198, "id": 51}, {"shared_perim": 51.26278917509164, "id": 40}], [{"shared_perim": 25887.91560268623, "id": 20}, {"shared_perim": 57705.06773137201, "id": 24}, {"shared_perim": 10407.358132274358, "id": 41}, {"shared_perim": 18123.39225061774, "id": 44}, {"shared_perim": 13429.745064119134, "id": 36}, {"shared_perim": 30520.381205044636, "id": 45}, {"shared_perim": 28333.055825262272, "id": 37}, {"shared_perim": 18901.839237277065, "id": 46}], [{"shared_perim": 26706.97342852112, "id": 3}, {"shared_perim": 58153.15659385428, "id": 10}, {"shared_perim": 44517.697538797525, "id": 52}], [{"shared_perim": 49286.17773027744, "id": 5}, {"shared_perim": 19016.136303930223, "id": 24}, {"shared_perim": 76552.69873029765, "id": 56}, {"shared_perim": 55156.83264955363, "id": 48}], [{"shared_perim": 47603.08186292647, "id": 4}, {"shared_perim": 35405.091354477656, "id": 18}, {"shared_perim": 30881.969472346507, "id": 22}, {"shared_perim": 25629.487340915515, "id": 64}, {"shared_perim": 42970.318148701364, "id": 62}, {"shared_perim": 8416.484399157429, "id": 40}], [{"shared_perim": 19052.289416220166, "id": 12}, {"shared_perim": 13119.057959680555, "id": 20}, {"shared_perim": 7707.120786662452, "id": 46}, {"shared_perim": 51300.319717629776, "id": 32}, {"shared_perim": 49799.373706263825, "id": 33}], [{"shared_perim": 32682.159063360647, "id": 6}, {"shared_perim": 50787.750203305084, "id": 9}, {"shared_perim": 42388.53117455863, "id": 13}, {"shared_perim": 7077.201968611258, "id": 32}, {"shared_perim": 25477.813135318353, "id": 51}], [{"shared_perim": 66279.80157444674, "id": 6}, {"shared_perim": 8147.7197837309395, "id": 8}, {"shared_perim": 64577.945365569016, "id": 9}, {"shared_perim": 21919.985616242833, "id": 20}, {"shared_perim": 51300.319717629776, "id": 30}, {"shared_perim": 7077.201968611258, "id": 31}, {"shared_perim": 15328.32136204145, "id": 45}, {"shared_perim": 26787.244122605425, "id": 39}, {"shared_perim": 5161.573058997755, "id": 33}], [{"shared_perim": 45174.555190857645, "id": 9}, {"shared_perim": 18885.81286070104, "id": 12}, {"shared_perim": 49799.373706263825, "id": 30}, {"shared_perim": 5161.573058997755, "id": 32}, {"shared_perim": 38635.13594301298, "id": 58}], [{"shared_perim": 33808.530526442, "id": 1}, {"shared_perim": 30485.878736429153, "id": 7}, {"shared_perim": 13445.197553338494, "id": 42}, {"shared_perim": 20160.110148493637, "id": 64}], [{"shared_perim": 55534.2235108694, "id": 0}, {"shared_perim": 76886.83157158317, "id": 3}, {"shared_perim": 45252.90800242758, "id": 10}, {"shared_perim": 1178.063509501312, "id": 19}, {"shared_perim": 20674.65058281304, "id": 54}], [{"shared_perim": 18432.819137077455, "id": 23}, {"shared_perim": 39900.37627462672, "id": 24}, {"shared_perim": 13429.745064119134, "id": 26}, {"shared_perim": 5002.953955619148, "id": 48}, {"shared_perim": 49967.58502933167, "id": 63}, {"shared_perim": 14401.331549127699, "id": 37}], [{"shared_perim": 49036.47378562392, "id": 11}, {"shared_perim": 28333.055825262272, "id": 26}, {"shared_perim": 14401.331549127699, "id": 36}, {"shared_perim": 12077.518242160217, "id": 63}, {"shared_perim": 53829.172921675396, "id": 46}], [{"shared_perim": 69115.39665024135, "id": 3}, {"shared_perim": 55612.177143532695, "id": 53}, {"shared_perim": 17400.5584444824, "id": 65}, {"shared_perim": 4789.789387545881, "id": 39}, {"shared_perim": 29916.253519773345, "id": 54}], [{"shared_perim": 2734.636710792064, "id": 6}, {"shared_perim": 26787.244122605425, "id": 32}, {"shared_perim": 4789.789387545881, "id": 38}, {"shared_perim": 52007.332358426764, "id": 65}, {"shared_perim": 34545.68856940659, "id": 45}, {"shared_perim": 28875.519111399022, "id": 54}], [{"shared_perim": 25163.23035823391, "id": 4}, {"shared_perim": 44714.54341390178, "id": 13}, {"shared_perim": 16568.90913355048, "id": 15}, {"shared_perim": 46397.86579745178, "id": 22}, {"shared_perim": 51.26278917509164, "id": 25}, {"shared_perim": 8416.484399157429, "id": 29}], [{"shared_perim": 31900.454674041477, "id": 24}, {"shared_perim": 10407.358132274358, "id": 26}, {"shared_perim": 38018.71265973628, "id": 56}, {"shared_perim": 47714.61206722263, "id": 44}], [{"shared_perim": 62718.10495339322, "id": 1}, {"shared_perim": 35839.713836916715, "id": 16}, {"shared_perim": 69606.59850935379, "id": 21}, {"shared_perim": 13445.197553338494, "id": 34}, {"shared_perim": 13696.101649046594, "id": 59}], [{"shared_perim": 15610.780498428265, "id": 11}, {"shared_perim": 29380.628421538335, "id": 12}, {"shared_perim": 44865.944221568556, "id": 46}, {"shared_perim": 51221.513743676005, "id": 57}, {"shared_perim": 21450.94879708195, "id": 58}], [{"shared_perim": 18914.47765261935, "id": 14}, {"shared_perim": 48738.47386898182, "id": 17}, {"shared_perim": 18123.39225061774, "id": 26}, {"shared_perim": 47714.61206722263, "id": 41}, {"shared_perim": 23305.998170559677, "id": 56}, {"shared_perim": 13982.003587529989, "id": 49}, {"shared_perim": 28561.674618801928, "id": 45}], [{"shared_perim": 58262.62256336889, "id": 8}, {"shared_perim": 24952.975160567858, "id": 20}, {"shared_perim": 30520.381205044636, "id": 26}, {"shared_perim": 15328.32136204145, "id": 32}, {"shared_perim": 34545.68856940659, "id": 39}, {"shared_perim": 28561.674618801928, "id": 44}, {"shared_perim": 1409.0787967818378, "id": 53}, {"shared_perim": 31626.897809129656, "id": 65}], [{"shared_perim": 8752.001724576596, "id": 11}, {"shared_perim": 38319.93067430984, "id": 12}, {"shared_perim": 46013.40446044285, "id": 20}, {"shared_perim": 18901.839237277065, "id": 26}, {"shared_perim": 7707.120786662452, "id": 30}, {"shared_perim": 53829.172921675396, "id": 37}, {"shared_perim": 44865.944221568556, "id": 43}], [{"shared_perim": 23259.66014148916, "id": 5}, {"shared_perim": 16805.58813284909, "id": 23}, {"shared_perim": 46440.9242162533, "id": 48}], [{"shared_perim": 13136.550849604808, "id": 5}, {"shared_perim": 50598.292928463816, "id": 23}, {"shared_perim": 26850.706859768015, "id": 24}, {"shared_perim": 55156.83264955363, "id": 28}, {"shared_perim": 5002.953955619148, "id": 36}, {"shared_perim": 46440.9242162533, "id": 47}], [{"shared_perim": 33171.2375397416, "id": 2}, {"shared_perim": 48922.16466876483, "id": 14}, {"shared_perim": 85431.17055137522, "id": 17}, {"shared_perim": 13982.003587529989, "id": 44}, {"shared_perim": 41355.60900696055, "id": 52}], [{"shared_perim": 38131.37439824061, "id": 0}, {"shared_perim": 62074.66178900734, "id": 10}, {"shared_perim": 51577.834612737934, "id": 16}, {"shared_perim": 45078.621292348966, "id": 59}], [{"shared_perim": 30813.953188241194, "id": 6}, {"shared_perim": 19633.343496631805, "id": 13}, {"shared_perim": 12156.282385765087, "id": 19}, {"shared_perim": 57076.97688793198, "id": 25}, {"shared_perim": 25477.813135318353, "id": 31}], [{"shared_perim": 24911.170577932153, "id": 2}, {"shared_perim": 26650.68939716558, "id": 3}, {"shared_perim": 20554.70161459177, "id": 17}, {"shared_perim": 44517.697538797525, "id": 27}, {"shared_perim": 41355.60900696055, "id": 49}, {"shared_perim": 3983.487920610646, "id": 53}], [{"shared_perim": 13453.469335045549, "id": 3}, {"shared_perim": 78832.8394715971, "id": 17}, {"shared_perim": 55612.177143532695, "id": 38}, {"shared_perim": 1409.0787967818378, "id": 45}, {"shared_perim": 3983.487920610646, "id": 52}, {"shared_perim": 41213.83018543449, "id": 65}], [{"shared_perim": 41496.33806939587, "id": 3}, {"shared_perim": 116846.31194053464, "id": 6}, {"shared_perim": 107600.72422873804, "id": 19}, {"shared_perim": 20674.65058281304, "id": 35}, {"shared_perim": 29916.253519773345, "id": 38}, {"shared_perim": 28875.519111399022, "id": 39}], [{"shared_perim": 29.08082908574459, "id": 1}, {"shared_perim": 40234.664835878444, "id": 59}, {"shared_perim": 48870.37350621023, "id": 61}, {"shared_perim": 55764.869922064536, "id": 64}, {"shared_perim": 15933.958073846008, "id": 66}, {"shared_perim": 92697.48966863917, "id": 62}], [{"shared_perim": 70433.70484486254, "id": 14}, {"shared_perim": 30887.000798646375, "id": 24}, {"shared_perim": 76552.69873029765, "id": 28}, {"shared_perim": 38018.71265973628, "id": 41}, {"shared_perim": 23305.998170559677, "id": 44}], [{"shared_perim": 12416.088623389724, "id": 11}, {"shared_perim": 51221.513743676005, "id": 43}, {"shared_perim": 68338.29682437434, "id": 60}, {"shared_perim": 39773.91940861596, "id": 58}], [{"shared_perim": 33817.55688401296, "id": 12}, {"shared_perim": 38635.13594301298, "id": 33}, {"shared_perim": 21450.94879708195, "id": 43}, {"shared_perim": 39773.91940861596, "id": 57}], [{"shared_perim": 14985.874045797258, "id": 0}, {"shared_perim": 76100.35559368882, "id": 1}, {"shared_perim": 71321.26911709821, "id": 16}, {"shared_perim": 13696.101649046594, "id": 42}, {"shared_perim": 45078.621292348966, "id": 50}, {"shared_perim": 40234.664835878444, "id": 55}, {"shared_perim": 79884.87797433739, "id": 61}], [{"shared_perim": 50270.895208763344, "id": 11}, {"shared_perim": 68338.29682437434, "id": 57}], [{"shared_perim": 40517.89443143191, "id": 0}, {"shared_perim": 20356.409926170498, "id": 19}, {"shared_perim": 48870.37350621023, "id": 55}, {"shared_perim": 79884.87797433739, "id": 59}, {"shared_perim": 34603.16374476731, "id": 66}], [{"shared_perim": 39600.34021278191, "id": 22}, {"shared_perim": 42970.318148701364, "id": 29}, {"shared_perim": 92697.48966863917, "id": 55}, {"shared_perim": 459.79823921922446, "id": 64}, {"shared_perim": 31555.526453056224, "id": 66}], [{"shared_perim": 37238.06838492597, "id": 11}, {"shared_perim": 14118.646105298061, "id": 23}, {"shared_perim": 49967.58502933167, "id": 36}, {"shared_perim": 12077.518242160217, "id": 37}], [{"shared_perim": 38703.42832008602, "id": 1}, {"shared_perim": 25811.895241352297, "id": 7}, {"shared_perim": 13990.229885953315, "id": 18}, {"shared_perim": 25629.487340915515, "id": 29}, {"shared_perim": 20160.110148493637, "id": 34}, {"shared_perim": 55764.869922064536, "id": 55}, {"shared_perim": 459.79823921922446, "id": 62}], [{"shared_perim": 17400.5584444824, "id": 38}, {"shared_perim": 52007.332358426764, "id": 39}, {"shared_perim": 31626.897809129656, "id": 45}, {"shared_perim": 41213.83018543449, "id": 53}], [{"shared_perim": 38334.58327404944, "id": 19}, {"shared_perim": 19398.720217846305, "id": 22}, {"shared_perim": 47244.62308494466, "id": 25}, {"shared_perim": 15933.958073846008, "id": 55}, {"shared_perim": 34603.16374476731, "id": 61}, {"shared_perim": 31555.526453056224, "id": 62}]]}